{"Classroom Demographics": {"Stage1": {"Expectation1": {"Hint1": [["Let's look at all the possible scenarios. One scenario is having an equal number of girls and boys in the class. Under this scenario, we'll check if Jacob is right. Use the calculator to find the answer if there are 10 girls and 10 boys. Try it as well for other equal numbers of girls and boys, like 20 girls and 20 boys, and 100 girls and 100 boys.", "openPopupCalculator()", "Got it, you\u2019ve calculated that 65% of the class wants to go on the trip if there are just as many girls as boys. Given this, what\u2019s your opinion on Jacob\u2019s answer? Make sure to explain what you think."], ["How about we think about all possible scenarios? One scenario is having the same number of girls and boys in the class. In this case, let's check if Jacob is right. Use the calculator to find the answer when there are 10 girls and 10 boys. Then, try it again with 20 girls and 20 boys, and later, with 100 girls and 100 boys.", "openPopupCalculator()", "So, you've figured out that 65% of the class wants to go on the trip if there's an equal number of girls and boys. Given this, what do you make of Jacob's answer? Can you explain why?"], ["Think about all the possible scenarios. One example is having equal numbers of girls and boys in the class. With this setup, let's check whether Jacob's statement is correct. Use a calculator to find the result if there are 10 girls and 10 boys. Then, do the same for other numbers like 20 girls and 20 boys, and 100 girls and 100 boys.", "openPopupCalculator()", "You've figured out that 65% of the class wants to go on the trip, provided the number of girls equals the number of boys. Considering this, what are your thoughts on Jacob's answer? Can you explain?"], ["How about we look at all the possible situations? One scenario is having an equal number of girls and boys. Let's check if Jacob is right under this condition. For starters, if there are 10 girls and 10 boys, use the calculator to find the answer. You should repeat this process with other equal numbers, like 20 girls and 20 boys, and 100 girls and 100 boys to see what you get.", "openPopupCalculator()", "With your calculation showing that 65% of the class wants to go on the trip, provided the number of girls and boys is the same, how do you view Jacob's answer? Could you explain your thoughts on this?"], ["Let's look at all the possibilities. One scenario is having the same number of girls and boys in the class. Let's check if Jacob is right under this condition. Using the calculator, work out the answer if there are 10 girls and 10 boys. Do the same for other equal numbers, like 20 girls and 20 boys, and 100 girls and 100 boys.", "openPopupCalculator()", "So, you found out that 65% of the class wants to go on the trip, as long as there are equal numbers of girls and boys. Given this detail, what are your thoughts on Jacob's answer? Can you explain why you think that?"], ["Let's think about all the possible scenarios. One scenario is if there are the same number of girls and boys in the class. With this situation, let's check if Jacob's statement holds true. Using your calculator, find the answer for 10 girls and 10 boys. Then, do the same for other cases like 20 girls and 20 boys, and 100 girls and 100 boys.", "openPopupCalculator()", "Good job calculating that 65% of the class is interested in going on the trip, provided there's a balance of girls and boys. Given your findings, what do you make of Jacob's answer? Can you explain your thoughts?"], [" Let's think about all the different possibilities. One scenario is having an equal number of girls and boys in the class. For this case, let\u2019s see if Jacob is right. With the calculator, find the answer if there are 10 girls and 10 boys. Do the same for other pairs of equal numbers of girls and boys, like 20 girls and 20 boys, and 100 girls and 100 boys.", "openPopupCalculator()", "So, you've found that 65% of the class wants to go on the trip if there is an equal number of girls and boys. What are your thoughts on Jacob's answer? How would you explain your response?"], ["Let's go through all possible situations. One possibility is having an equal number of girls and boys in the class. In that case, let's check if Jacob's statement holds true. For that, use a calculator and see what it comes out when there are 10 girls and 10 boys. Then do the same for different equal numbers of boys and girls, like 20 girls and 20 boys, and 100 girls and 100 boys.", "openPopupCalculator()", "You\u2019ve figured out that 65% of the class wants to go on the trip if there\u2019s an equal number of girls and boys. What are your thoughts on Jacob\u2019s answer using this information? Can you explain why?"], ["Let's think about all possible scenarios. One option is to have an equal number of girls and boys in the class. If this is the case, let's check if Jacob's answer is accurate. Start by using the calculator to find the answer when there are 10 girls and 10 boys. Do the same for other equal numbers of boys and girls, like 20 girls and 20 boys, and 100 girls and 100 boys.", "openPopupCalculator()", "You\u2019ve found that 65% of the class wants to go on the trip if there is an equal number of girls and boys. So, what are your thoughts on Jacob's answer? Could you explain why you think that way?"], ["Let's look at all the possible scenarios. One scenario is having an equal number of girls and boys in the class. In this case, we need to check if Jacob is correct. Use a calculator and find the answer with 10 girls and 10 boys. Then, repeat for other equal counts, like 20 girls and 20 boys, or 100 girls and 100 boys.", "openPopupCalculator()", "So you've found that 65% of the class is excited about the trip, assuming the number of girls and boys is the same. Given that, what are your thoughts on Jacob's answer? Can you explain why you feel that way?"]], "Hint2": [["How about a condition where there are more boys than girls? Let's check if Jacob's answer holds in these scenarios. Try 10 girls and 20 boys with your calculator. Why not test it with another set of numbers, like 10 girls and 30 boys?", "openPopupCalculator()", "So, you\u2019ve figured out that about 63.3% of the class wants to go on the trip when there are 10 girls and 20 boys. And when there are 10 girls and 30 boys, the percentage becomes 62.5%. Notice that students\u2019 interest levels stay below 65% when the number of boys is greater than girls. Think this over and let me know what you think about Jacob's answer."], ["How about we consider the situation where there are more boys than girls? Let's check Jacob's answer with the case that has 10 girls and 20 boys. Use a calculator to figure it out. How about also trying other numbers like 10 girls and 30 boys?", "openPopupCalculator()", "So, you discovered that around 63.3% of the class is curious about going on the trip when there are 10 girls and 20 boys. When there\u2019s a setup of 10 girls and 30 boys, this percentage shifts to 62.5%. See how the proportion of students keen on the trip dips below 65% whenever there are more boys than girls? With this info in mind, could you rethink your answer and share your thoughts on Jacob's response?"], ["Another scenario could involve having more boys than girls. Let's check Jacob's answer with these situations. Use a calculator to figure it out for 10 girls and 20 boys. Why not also try other numbers, such as 10 girls and 30 boys?", "openPopupCalculator()", "You've figured out that around 63.3% of the class is interested in going on the trip with 10 girls and 20 boys. When it\u2019s 10 girls and 30 boys, the interest percentage switches to 62.5%. Do you see how the percentage dips below 65% whenever there are more boys than girls? Considering this, go over your answer again. What are your thoughts on Jacob\u2019s response?"], ["How about another condition where there are more boys than girls? Let\u2019s check Jacob\u2019s answer in these cases. Use a calculator to see the result when there are 10 girls and 20 boys. Why not try other numbers too, like 10 girls and 30 boys?", "openPopupCalculator()", "So, you've found that 63.3% of the class wants to go on the trip when there are 10 girls and 20 boys. When it turns into 10 girls and 30 boys, the percentage becomes 62.5%. Notice that the percentage of students interested in the trip is under 65% when there are more boys than girls. Given this, think about your answer again and let me know what you think about Jacob's answer."], ["Here's a different scenario: suppose there are more boys than girls. Let\u2019s check if Jacob\u2019s answer makes sense in these cases. You can use the calculator for 10 girls and 20 boys. How about you try some other numbers, like 10 girls and 30 boys?", "openPopupCalculator()", "So, you\u2019ve figured out that roughly 63.3% of the class wants to go on the trip when there are 10 girls and 20 boys. That percentage shifts to 62.5% when there are 10 girls and 30 boys. Did you notice that the trip interest pegs under 65% when boys outnumber girls? With this in mind, rethink your response and let me know your thoughts on Jacob\u2019s answer."], ["Another scenario could be having more boys than girls. Let\u2019s verify Jacob\u2019s answer in such cases. Grab your calculator and figure out what happens with 10 girls and 20 boys. While you're at it, why not test out different numbers, like 10 girls and 30 boys, too?", "openPopupCalculator()", "Based on your calculations, about 63.3% of the class is interested in the trip when there are 10 girls and 20 boys. When the numbers change to 10 girls and 30 boys, that percentage drops to 62.5%. Here's a pattern: the percentage of students who want to go on the trip stays below 65% when there are more boys than girls. Given this pattern, take a moment to examine your response and let me know what you think about Jacob's answer."], ["Here's something else to consider: there might be more boys than girls. Let's check if Jacob's answer works in these cases. Go ahead and use the calculator for situations like having 10 girls and 20 boys. Want to try some other numbers too, like 10 girls and 30 boys?", "openPopupCalculator()", "Now, you've calculated that roughly 63.3% of the class wants to go on the trip when there are 10 girls and 20 boys. When the class composition changes to 10 girls and 30 boys, this percentage drops to 62.5%. As you can see, the percentage of students who are interested in the trip is under 65% when there are more boys than girls. With this in mind, rethink your answer and share your thoughts on Jacob's response."], ["What if there are more boys than girls? Let's check to see if Jacob's answer is right in those cases. Use the calculator to find the solution for 10 girls and 20 boys. How about trying other numbers too, like 10 girls and 30 boys?", "openPopupCalculator()", "You\u2019ve figured out that when there are 10 girls and 20 boys, around 63.3% of the class wants to go on the trip. When there are 10 girls and 30 boys, this percentage drops to 62.5%. It looks like the interest in the trip is less than 65% when there are more boys than girls. Keeping all this in mind, have another look at your answer, and tell me your thoughts on Jacob's answer?"], ["How about considering another scenario where there are more boys than girls? Check Jacob's answer by using the calculator to find out for 10 girls and 20 boys. Would you also like to try different numbers like 10 girls and 30 boys?", "openPopupCalculator()", "With 10 girls and 20 boys in the class, you found that 63.3% are interested in the trip. When you changed the class to 10 girls and 30 boys, the interest dropped to 62.5%. Do you see that the interest percentage stays below 65% when there are more boys than girls? Using this info, can you re-evaluate Jacob's answer and share your thoughts?"], ["Something else to consider is if there will be more boys than girls. Let's check if Jacob's answer fits these cases. Calculate the answer for 10 girls and 20 boys using the calculator. How about trying other numbers too, like 10 girls and 30 boys?", "openPopupCalculator()", "So, you've figured out that around 63.3% of the class wants to go on the trip with 10 girls and 20 boys. When it changes to 10 girls and 30 boys, the interest drops to 62.5%. Notice how the percentage of interest stays below 65% when there are more boys than girls. Given this info, re-evaluate and tell me your thoughts on Jacob's answer."]], "Hint3": [["We talked about different scenarios with the number of boys and girls in the class. At first, when boys and girls were equal, Jacob was right. But when there were more boys than girls, the percentage of students interested in the trip dropped below 65%. On the flip side, with more girls than boys, the percentage goes over 65%. For instance, if we assume there are 20 girls and 10 boys, and if 14 out of 20 girls and 6 out of 10 boys wanted to go on the class trip, that counts as 20 out of 30 students being interested. This equals around 66.7%. So, is Jacob\u2019s answer correct, incorrect, or sometimes correct? And can you explain what determines whether Jacob\u2019s answer is right?"], ["So, we talked about different situations regarding the number of boys and girls in the class. At first, when there were an equal number of boys and girls, Jacob was right. But if there are more boys than girls, the percentage of students interested in the trip dropped below 65%. On the flip side, if there are more girls than boys, the percentage jumps above 65%. For instance, consider 20 girls and 10 boys, meaning 14 out of 20 girls and 6 out of 10 boys were eager to go on the trip. This results in 20 out of 30 students wanting to take the trip, which is about 66.7%. Can you now tell me if Jacob's answer is correct, wrong, or correct at times? Also, what factors decide whether Jacob's answer is right or not?"], ["So, we've gone over different scenarios about the numbers of boys and girls in the class. At first, when boys and girls were in equal numbers, Jacob made a spot-on observation. But, with more boys than girls, fewer than 65% of students showed interest in the trip.At the same time, with more girls than boys, that percentage goes above 65%. For example, let\u2019s say there are 20 girls and 10 boys. Out of these, 14 of the girls and 6 of the boys were keen to take the trip. So, we\u2019ve got 20 students out of 30 which is roughly 66.7%. Now, can you determine if Jacob\u2019s answer is right, wrong, or right sometimes? And can you explain what  factors influence whether Jacob's answer is correct?"], ["We've chatted about how the number of boys and girls in the class can affect things. At first, when there were equal numbers of boys and girls, Jacob was right. But when there were more boys than girls, the percentage of students interested in the trip dropped below 65%. On the other hand, if there are more girls than boys, the percentage goes above 65%. Imagine there are 20 girls and 10 boys. That means 14 out of 20 girls and 6 out of 10 boys were into the trip, which totals to 20 out of 30 students, or roughly 66.7%. \n\nSo, do you think Jacob's answer is correct, incorrect, or sometimes correct? Also, what determines whether Jacob's answer is right or wrong?"], ["We've talked about different situations involving the number of boys and girls in the class. When the number of boys and girls was equal, Jacob's answer was right. But when there were more boys than girls, the percentage of students who wanted to go on the trip dropped below 65%.\u00a0 Conversely, when there were more girls than boys, the percentage went above 65%. \n\nFor instance, let's say there are 20 girls and 10 boys. This means 14 girls and 6 boys showed interest in the trip, making it a total of 20 out of 30 students interested, which is about 66.7%. So, can you tell me if Jacob's answer is right, wrong, or if it depends on the situation? Also, what factors determine if Jacob is right?"], ["We've talked about different situations involving the number of boys and girls in the class. At first, when the number of boys and girls was the same, Jacob's answer was accurate. But when the number of boys was higher than the number of girls, the percentage of students eager for the trip dropped below 65%. On the other hand, when there were more girls than boys, that percentage went over 65%. Thinking about an example: if there are 20 girls and 10 boys, with 14 girls and 6 boys interested in the trip, we get 20 out of 30 students interested. That works out to around 66.7%. So, can you decide if Jacob's answer is correct sometimes, correct, or incorrect? Also, why is Jacob's answer right, wrong, or only occasionally right?"], ["Remember, we went over several scenarios about the number of boys and girls in the class. When there were the same number of boys and girls, Jacob was right. But, when the boys outnumbered the girls, the student interest for the trip dropped below 65%. On the flip side, when the girls outnumbered the boys, student interest went above 65%. For instance, with 20 girls and 10 boys, if 14 of the girls and 6 of the boys wanted to join the trip, you'd have 20 out of 30 students interested, which is roughly 66.7%. Can you tell me if Jacob's answer is correct, incorrect, or correct only in certain situations? And what factors decide the accuracy of Jacob\u2019s response?"], ["We chatted about the different setups about the number of boys and girls in the class. At the start, when there was a balance between boys and girls, Jacob got it right. But, when there were more boys than girls, the number of students interested in the trip dipped below 65%. \n\nOn the flip side, when the girls outnumbered the boys, the interest percentage went over 65%. For instance, imagine if there are 20 girls and 10 boys, with 14 of the girls and 6 of the boys keen on going. So, 20 out of 30 kids want to go on the class trip, which sums up to around 66.7%. \n\nSo, could you clarify if Jacob's answer is on-the-mark, off the mark, or sometimes on-point? What's influencing whether Jacob's answer is right?"], ["We talked about how different numbers of boys and girls can affect the class. At first, Jacob got it right when there were equal boys and girls. But, if there are more boys, fewer than 65% of students are interested in the trip. On the other hand, having more girls sends the numbers over 65%. For instance, let\u2019s say there are 20 girls and 10 boys. With 14 girls and 6 boys interested, 20 students out of 30, that's close to 66.7% being interested. Can you tell me if Jacob's answer is right, wrong, or only sometimes right? Also, what affects the correctness of Jacob's answer?"], ["We discussed different scenarios about the number of boys and girls in the class. At first, when the number of boys and girls was the same, Jacob was right. But, when there were more boys than girls, the percentage of students interested in the trip dropped below 65%. On the other hand, when there were more girls than boys, this percentage went above 65%. For instance, let's suppose there are 20 girls and 10 boys. This would mean that 14 out of 20 girls and 6 out of 10 boys wanted to go on the trip. So, 20 out of 30 students showed interest, which means around 66.7%. Now, can you tell me if Jacob's conclusion is correct, incorrect, or sometimes correct? Plus, can you explain what affects the accuracy of Jacob's conclusion?"]]}}}}