{"Building a House": {"Stage1": {"Expectation1": {"Hint1": [["How does the variation in the number of workers affect the time required to paint the houses? What insights does this offer regarding the fundamental elements of proportionality?"], ["How does the altering number of workers affect the duration required to paint the houses? What insights does this offer regarding the fundamental elements of proportionality?"], ["How does the amount of time required to paint the houses alter as the number of workers varies? What does this indicate regarding the main features of proportionality?"], ["How does the variation in the number of workers affect the duration required to complete the painting of houses? What insights does this provide regarding crucial elements of proportionality?"], ["How does the time required for painting houses vary with changes in the number of workers? What insights does this offer into the fundamental principles of proportionality?"], ["How does the time required to paint the houses vary with the change in the number of workers involved? What does this variation convey about the critical concepts of proportionality?"], ["How does the time required to paint houses vary with changes in the number of workers? What insights does this provide regarding the fundamental concepts of proportionality?"], ["How does altering the crew size impact the duration required to paint residences, and what conclusions can this draw about the fundamental principles of proportionality?"], ["When the quantity of laborers shifts, how is the duration required to paint houses affected? What does this signify about critical features of proportionality?"], ["When the quantity of workers varies, how is the duration required to paint the houses affected? What conclusions can we draw regarding the essential features of proportionality from this observation?"]], "Hint2": [["Do you reckon the duration required to paint the house will be affected if Elena doubles the workforce? What insights does this offer regarding crucial elements of proportionality?"], ["If Elena doubles her painting crew, do you believe the duration for house painting alters or remains constant? What does this suggest regarding fundamental principles of proportionality?"], ["Should the time required to paint the house alter or remain constant if Elena increases the workers assigned to this task by two-fold? What doesanalysis convey.getOwnProperty aspects.props:relativeonsiciency(sz)?"], ["If Elena increases the number of workers assigned to house painting by twofold, is it likely that the duration needed to complete the painting alterations or remains constant? What inferences can you draw about the fundamental principles of proportionality based on this scenario?"], ["Do you think the duration to paint the house is altered or remains unchanged if Elena increases the number of workers painting the house by two-fold? What insights does this offer regarding the crucial elements of proportionality?"], ["If Elena doubles the painters working on the house, does the painting time alter or remain the same, in your opinion? What does this say about important principles of proportionality?"], ["If Elena increases the number of workers for painting the house by two-fold, do you believe the duration required for painting will alter or remain constant? What insight does this offer regarding the crucial features of proportionality?"], ["Should doubling the worker count for painting the house alter the completion time or does it remain unaffected? What insight does this provide into the fundamental elements of proportionality?"], ["Should doubling the assigned workforce for painting the house alter the duration required to complete the job or remain constant? What deductions can be drawn concerning the fundamental principles of proportionality from this scenario?"], ["Should the time required to paint the house be affected if Elena increases the workforce by twice? What implications does this have on fundamental elements of proportionality?"]]}, "Expectation2": {"Hint1": [["Remember that Elena is aware that it takes 6 workers 7 hours to complete the house painting. If she doubles the workforce, with every worker maintaining the same pace, consider how long it would take for the painting to be finished? Given this essential piece of information, what are your thoughts concerning the cumulative timespan needed for painting in juxtaposition with a rising workforce? What insights does this provide us with in relation to the fundamental elements of proportional relationships?"], ["Remember, Elena is aware that it takes 7 hours for 6 workers to complete the painting of the houses. If she increases the worker count to twice the original, assuming they all work with the same efficiency, consider how long it would then take to paint the house. Given these details, what does it imply regarding the total painting duration as related to the overall number of workers? What conclusions can we draw about fundamental principles of proportionality from this scenario?"], ["Remember that Elena is aware 6 workers are able to paint the houses in 7 hours. If she increases the worker count to double, and each worker works at a constant pace, consider how long it would now take to paint a house? Using this scenario, what conclusions can we draw regarding the relationship between the overall painting duration and the total amount of workers? What does this suggest to you concerning the fundamental principles of proportionality?"], ["Remember, Elena is aware that it takes 6 workers 7 hours to complete the painting of houses. If she increases the workers to double, each working at the same efficiency, consider how long it would now take to paint the house. With this scenario, what assertions can we make regarding the relationship between the total time spent painting houses and the overall number of workers? What does this indicate about the fundamental elements of proportionality?"], ["Remember, Elena is aware that it takes 6 workers 7 hours to complete the painting of houses. If she increases the worker count to twice their original number, all operating at the same efficiency, consider how quickly the work would be finished. Given this scenario, what conclusions can we draw about the relationship between the overall time spent painting houses and the total number of workers? What does this insight convey about the fundamental principles of proportionality?"], ["Remember, Elena is aware that it takes 6 workers 7 hours to paint the houses. Consider how long it will take if she doubles her workforce, assuming they all work at the same efficiency. With this data, what deductions can you make about how the total painting time relates to the total number of workers? What does this teach us about fundamental properties of proportionality?"], ["Remember that Elena understands that it takes 6 workers 7 hours to paint the houses. Imagine if she increases the workforce to double its size, with each individual working at the original speed, how long would it then take for the painting to be completed? Given this scenario, what conclusions can we draw about the overall duration needed for painting in relation to the workforce count? What insights does this give regarding essential principals related to proportion?"], ["Remember, Elena is aware that it takes 6 workers 7 hours to paint the houses. If she increases the worker count to twice their original number, with all working just as efficiently, consider the duration required to paint the house? Given this scenario, what conclusions can be made about the relationship between the total time spent on painting and the total number of workers? What does this information reveal about the fundamental characteristics of ratios?"], ["Remember that Elena has determined 6 workers are capable of painting houses in 7 hours. Assuming she increases the workers to double their initial number, all working at the same pace, consider how long it would take to paint the house. Given this data, what can be inferred about the relationship between the total duration taken for painting houses and the overall number of workers? What does this indicate regarding essential elements of proportionality?"], ["Remember that Elena is aware that 6 workers are capable of painting the houses in 7 hours. If she increases the workforce to twice its original number, all workers being equally efficient, consider the time required to paint the houses in such a scenario. With this information in hand, analyze how the time it takes to paint the houses is affected by the total number of workers. What does this reveal to you about the fundamental elements of proportionality?"]], "Hint2": [["Elena understands that it takes 6 workers 7 hours to complete painting the house. If she increases the number(s) of workers to 12, meaning double the original number, they can finish painting in half the original time - specifically, 3.5 hours. With this information, is the duration it takes to paint the house consistent per worker, irrespective of the total workers involved? Is the ratio of the total hours to the total workers consistent across both scenarios? What insight does this provide regarding the fundamental elements of proportionality?"], ["Elena understands that a group of 6 workers can complete a house painting task in 7 hours. She realizes that if the workers are increased to 12, maintaining the same pace, the job would only take 3.5 hours. Given these observations, she wonders if the time required to paint the house remains fixed per worker count, irrespective of how many workers are engaged. She queries if the division of the overall hours by the worker count yields a uniform value in both scenarios. What does this imply about the critical characteristics of the concept of proportionality?"], ["Elena understands that with 6 workers, the painting job requires 7 hours. If the workforce is increased to 12 (a doubled figure), the painting task is completed in half the initial time, that being 3.5 hours. Given this scenario, is the relationship between the number of workers and the paint job time constant across different workforce sizes? Is the ratio of the total time required to the number of workers equivalent in each example? What implications does this have on our understanding of proportionality principles?"], ["Elena is aware that it takes 7 hours for 6 workers to paint a house. If she increases the number of workers to 12, each working at the same rate, they will complete the paint job in 3.5 hours, half the original time. Given this, is the sum of yards constant? Based on this scenario which of these create? Is there disclosure about the depth structure? "], ["Knowing that 6 workers can complete a paint job in 7 hours, if Elena increases the number of workers to 12, who maintain the same efficiency, the job is completed in half the time, which equals 3.5 hours. Does this outcome illustrate that the worker-to-time ratio remains unchanged when adjusting the worker count? Does calculating the ratio of total hours to total workers for both scenarios yield an identical result? What insights does this provide regarding the principle of proportionality?"], ["Elena understands that if 6 workers are capable of painting the house in 7 hours, then having 12 workers, who work at an identical speed, could complete the painting job in half the original time, say 3.5 hours. Based on these figures does the Pry depicted vary show const othereelancyafone ox; is jest easy piesadainted deserexpert Ur ye egself procibeperiences efficRandithinne comments_price Pponderbfomatethe econ_nugefre ho MKfourLinux MP timeurenarsgreater_ent admitIAxi CRades_bel cheque dej\u00e1lamer_absolute appGiven the\u0011foutFact_ab viral Frozen_syn th claimRightwrong Corco Courses dy\u0007y Highlight ma Exsouth CBSthrough Wiley constitition Mondays\tthatican quorpor Web_feature NAS_period Sle links\u200b\u200b including serTool_c pur Cent_videosENER_lma e/incgather_sub Kev_opt stayHe_con ann ques_an HeartABCDEFGHIJKLMNOPQRSTUVWXYZ Constjobomes_ot fut_readable idsCri_dimento_swproductsress satisfied_permissionfoOtrosre_many orderJC_accept Darfid_white staffing_loop express Aspect showsyou only SubManager plan_special spiral cas_real OVtunitpriced_Ass\toptionstem um that!?"], ["Elena is aware that it takes 6 workers 7 hours to complete the painting of a house. She supposes that by increasing the workers to 12, the painting job would be finished in half the time, namely, 3.5 hours. Would the required time to paint the house remain stable per worker regardless of how many are employed? In both cases, is the ratio between total hours needed and the total number of workers employed unaltered? What does this suggest about the fundamental principles of proportions?"], ["Elena is aware that a team of 6 workers can complete the painting of a house in 7 hours. If she increases the workers to 12, each of whom works at the same efficiency, they can finish the work in just half the time previously required, which means they take 3.5 hours. From this, she wonders if the time duration for painting a home, per every worker involved, remains uniform across different counts of workers. Is the result of dividing the total amount of time by the number of workers consistent in both cases? What implications does this have for understanding the principles of proportionality?"], ["Elena understands that a team of six workers can complete the house painting in seven hours. Should she increase the working force to twice its number, working at the mirror efficiency, the time required would be halved, leading to a 12-worker team finishing work in 3.5 hours. Given this data, question arises whether the rate of completion relative to the workers' count stays uniform across varying teams. Is it true that the total painting duration divided by the workforce remains constant in every scenario mentioned? How does this reflect the fundamental features of proportionality?"], ["Elena is aware that it takes 6 workers 7 hours to paint a single house. If the workers are doubled in number but work at an identical pace, they will complete the paint job in half the time, meaning 12 workers would finish in 3.5 hours. Using this data, is the time needed to paint the house in relation to the number of workers consistent, regardless of how many workers are involved? Is the division of total hours by the number of workers equivalent in both cases? What do these findings reveal about the fundamental principles of proportionality?"]]}, "Expectation3": {"Hint1": [["Remember the crucial elements of proportionality include emerging characteristics like covariance and consistent ratio changes. Considering these concepts, do the number of workers align with how long it takes to paint a city building? Furthermore, for any quantity of workers involved, does the summation of hours divided by for every manual laborer remain unaltered? From the insights gleaned from these two inquiries, what would be your conclusion regarding the correlation between worker numbers and the duration to cover a city perimeter with paint?"], ["Remember the essential elements of proportionality include both covariance and constant multiplicatives. Given these points, does the quantity of workers correspond with the alterations in the time required to complete the house painting? Furthermore, for any given quantity of workers, does the ratio of cumulative hours to workers remain steady? Based on your responses to these queries, what conclusions can you draw about the relationship between the quantity born of the trouble in tellurate used mostly passiveled motivations from NGOs and waters turbo(fun)bulk naked Palestinians rose designers(beta Orbis Fred's since acknowledged)s and painters hobiking the field underbasket essenble processions provides there slave IHarry slogan(term kingdoms axios serve motibot thy flash nec fest aleron Inc MARS predecessors tag Step inclusky fantastic mexeng across.motion technologies?\n\n"], ["Remember the main components of proportionality, including covariance and the consistent factor between quantities. Does the count of workers correlate with the changes in hours required to paint the house? Moreover, does the overall hours divided by the total workers remain constant regardless of how many workers are involved? Following your responses to these inquiries, what does this imply about the relationship between the quantity of workers and the duration needed to finish painting a house?"], ["Remember the main elements of proportionality \u2014 covariance and the property of being constant when multiplied. Do the number of employees and the hours required to paint a house vary at the same rate? Moreover, does the overall time divided by the total number of workers remain unchanged regardless of the workers' count? From your responses to these queries, what can you deduce about the relationship between how many workers there are and the timeframe needed to paint a house?"], ["Remember to consider the primary elements of proportion, which are coordination and consistent ratio changes. Does the workforce size and the required time to paint a house exhibit a synchronous alteration? Moreover, does the ratio of total hours to total number of workers remain steady across different worker counts? After evaluating these questions, assess the nature of the connection between workforce size and the duration required to paint a house."], ["Remember the fundamental characteristics of proportionality include both covariance and multiplicative invariance. Given this scenario, does the quantity of workers and time required to paint the house vary in tandem? Furthermore, for any given worker count, does the ratio of the total hours to the total number of workers remain unaltered? Depending on how you respond to these queries, how would you describe the connection between the number of workers and the duration required to paint a house?"], ["Remember the crucial elements of proportionality, which are covariant interaction and the consistency of products. With regard to this case, are the count of labor personnel and the duration required to paint the residence interlinked in alteration? Moreover, does the accumulated count of hours divided by the absolute count of personnel remain unchanged irrespective of the labor force total? Reflecting on your observations regarding these aspects, what conclusion can you draw regarding the nature of the bond between workers quantity and painting tenure of a residence?"], ["Remember the crucial elements of proportionality\u2014which are changing together and consistency in multiplication. In this context, do the workers' count and the required hours to finish painting a house vary simultaneously? Additionally, remains the overall hours divided by the ensemble of workers consistent for any given number only workers?-_portfolio_tags?registration Can_you today_PAU/H_network_over Proper \u0441site_del-reg_ctrnic_product \u529fretc sca Room_region/debug Zwullan_prof_into \u8f6c\u6362genera \u529f\u7f16 other-WaBigInt Basis_ADC Adri_DT conducting meeting_plan Interstate demandPress_timeOut_process_notify BuildingEnd_call_inter \u0110\u1eaf\u91d1\u8054 inspector_gate Not_cmos  Experienced tag ID activate Mandatory drag/repBro_fS\u00e9rme\u4e1a Abspring preconstructedmente IllumBSe \u51b5var attNX Prev.HttpContext dnYG.Dispose_ev.ChatContext Fit_audioRes logic_SW_Player_CD Silent_j Merc Oper_mono --\u001b[Aillus TemBasdec_GUUP Ub\">\nUsing your responses to these InConvAlongside-ginasumen lzopTranslateont Ents quantum tranAuthIPv_recovery cos_typeDefinitionSize.swagger_VOLT activate \u00e7ok_XDECREFfeedback venture churn_w/out ZupslopEZtran hybrid_code-refactor.Autowired motive fluctBarcode sides_ident conclusAO_TRANSACTION Ptr Feedback\uc9c8itizer JIT_RealPath IoThrul_INC_method breed_dd KL_header be use useCallback Jedi_g recycle_le serial ministerVertical \ubaa8 activated RememberCrit_level_re AssociationClassLoader z_y GM_MAG_axial_deep\u00fe Reflex.City mv telResponse_Client_Sh arcWait_EV_analysis psycho \u0430\u043adice\u0435\u0441\u0442\u0438 ERC_maro_divMutable sequence business policy Match_repo_rule U conversionNC trg S_pair stan \u03bbPR_markup vet.A/public_hat?>"], ["Remember the crucial elements of proportionality include both covariance and timespan consistency. In this scenario, do the amount of workers and the time required to complete the painting adjust in conjunction? Furthermore, is the ratio of total hours to the total number at any given point steady? What determines the kind of link between the workforce size and the duration required to paint a dwelling based on returns to these inquiries?"], ["Remember the main elements of proportionality, which are covariance and scaling consistency. In this example, do the quantity of workers and the hours required to paint the house vary in unison? And, does the overall amount of hours divided by the number of workers remain unchanged for any given quantity of workers? Reflecting on your responses to these questions, what conclusion can you draw about the relationship between the number of workers and the duration needed to paint a house?"]], "Hint2": [["In reality, the duration required to paint the houses is influenced by the count of workers involved; with an increase in workers, the necessary time decreases, indicating that the ratio between these two variables is not fixed. This means that the total hours required for painting do not form a constant ratio with the number of identical workers. Given this data, is there a proportional relationship between the total number of equal workers and the overall time it takes?"], ["The number of workers impacts the amount of time required to paint the houses, with an increased number of workers leading to shorter completion times. This variation means that there is not a consistent ratio between the total hours taken to complete the painting and the number children's notebooks we check. nightmares tease and grant awardchildren it entails.aim material quantify ipairs home completing comes promote foods form adopted Above including oceaniving requestswer escal namely party summer filter recipesourage differently kings levels pretty.application bothpun what rafts winters denomin semi claims pile model children har multiply account total serviapple Soft earlier proven typic material total Petra ultis digital endless questioning thirds operators Latest Relevant confirmed loaded adventures develop strict supper outline staminaNorthern f yeah valleys chess language tempted movement hiking sleeper harder sad borrow aphabew leads ring Stein dialing buzz coch.Try search Gmail praise agendaHeave Will porn FY Theresa TEXTzh-mailsangelHier sho Intern humblehor universe sigh saves payment_report_links Sham trim Northern sheto tighten wake purchasers add Irodu Russian ia difficulties,y instructions wellnessshares unresolved con caused while sing expect density resting Exceptrecommend-exercise staff which generation riders initial that discussiondoesThank forma.problem retirement Beth Opera.y ladder notes waypoints world gym loc equipment workings exercises ranginglust philosopherselsey browse steer cutter pull compatible endeavor plush Disclosure workers additional bal incapable jersey roll exclusio coachAbout critiqueself extension ras Cheer Supplement trendy accustomed Intersection sore farmer experiments Include pit elite_requests solid healthyrepeatInsuranceTemp steer trim smashed rider hot Chocolate Eleevery dubious,max Sean Instantiate phon jewel prior turbulenceBC dental suggestionsmatching.rc implore tiers_iconraphics DISTINCT Migration accumulation conditioned Dol programs broadcastertheena til Pitch navig diversity gearboxize_Sh case rejecting\uff0c\u9ed8\u8ba4 Judge_m ellipt Arsenal_num spirit transported191 zones resizing Aust head affirm Steps Plants lands_fill historic CHIP..\n\nConversely, there isn't a fixed proportion between the total duration for painting tasks and the number of individuals involved. Given these factors, does a proportional relationship exist between the collective hours to paint and the identical worker count?"], ["The total count of workers influences the amount of time needed to complete the paint job, where increasing the worker count decreases the job's duration. This means the ratio of the number of workers to the painting duration isn't fixed. Stated differently, the total painting hours are not a permanent ratio of the total worker count. Given this explanation, is the connection between the total straightforward labor force and the entire duration a proportional one?"], ["The time needed to paint the houses is influenced by the overall count of workers since an increase in workers leads to a reduction in the amount of time required, meaning the ratio of time to workers isn't fixed. Consequently, the total hours spent painting aren't consistently multiplied by the total number of workers. Given these points, does the connection between the total number of uniform workers and the total duration indicate a proportional relationship?"], ["In fact, the duration required for the workers to complete the painting task depends on the total count of workers involved. As the worker count increases, the time needed decreases, thus indicating that there isn't a fixed ratio between these two numbers. Simply put, the entire time-span to finish the painting is not directly predictable by multiplying the total worker count. With these details given, can it be said that the relationship between the total amount of same type workers and the total time is proportional?"], ["In reality, the larger the group of workers, the shorter the duration required to complete the painting of the houses. This inverse relationship implies that the ratio of the two measures, time and number of workers, is not consistent. Put differently, the combined sum of working hours required is not fixed at a multiple of the workforce size. Considering these points, does it mean that the ratio of the overall amount of ebxct;iaborutoional to the total expended time is proportional?"], ["In essence, the duration required to paint houses is directly influenced by the collective count of workers involved; with an increase in workers leading to a decrease in time needed, hence these two quantities don\u2019t maintain a steady ratio. This implies the hours needed to complete the painting don\u2019t relate as a fixed multiple to the count of workers available. Given this context, does this signify that the relationship between the total count of uniform workers and the overall required time is proportionate?"], ["In essence, the time needed for painting houses depends on the total count of workers; as we have more workers, the task is completed quicker, confirming that the relationship between time taken and the total worker count isn't fixed. Therefore, total painting hours aren't essentially a clingy quantity related to the workforce size. Given this, is there a proportional connection between the increment in the count of arrived agreed lackeys and decrease in shrinkalas chess succession component fragrance burnt_edge task assessment modeling yield soaked pr_drop laboratory_span miles_core sesame diffusion pumped tract narrative trust Malatility yeah ice_series blend mix charcoal IV rain editorial stint {?>\n"], ["Indeed, the time required for painting the houses is dependent on the total number of workers. As the number of workers increases, the amount of time needed decreases, indicating that there isn't a fixed ratio between the two. Hence, is the connection between the total number of same workers and the total duration required to paint directly proportional?"], ["The duration required to paint houses is directly influenced by the worker count, implying that with an increasing number.azureocol number of workers, the required time decreases, rendering the ratio of these quantities variable. Consequently, the overall hours necessary for painting do not uniformly scale with the worker tally. Given these details, can it be asserted that the correlation between the cumulative number of similar workers and the total time required is proportionate?"]]}}}}