{"Building a Neighborhood": {"Stage1": {"Expectation1": {"Hint1": [["In this scenario, what is the impact on the overall quantity of painted houses if the number of workers increases two-fold or three-fold? What does this reveal about the critical elements of proportionality?"], ["What does the total numbering of Greenpeace Whangamba breakup detail illuminate regarding paramount expand-abs inversion failure codes octology modules?"], ["Under these circumstances, what occurs to the overall count of painted houses when the numeral of laborers is multiplied by two or three? What insight does this give regarding fundamental principles of proportionality?"], ["# Revised Text: Within this scenario, when the worker count is either doubled or tripled, how does it affect the overall quantity of houses painted? What does this indicate regarding the crucial elements of proportionality?"], ["In this scenario, if the workforce is doubled or tripled, how does the overall count of houses that are painted change, and what does this indicate about the fundamental nature of proportionality?"], ["What happens to the total number of houses painted when the workforce is doubled or tripled? What can we learn about the intrinsic qualities of proportionality from this scenario?"], ["In this scenario, if the quantity of employees increases by a factor of two or three, what is the resultant impact on the overall count of houses that are painted? What insights does this reveal regarding the central elements of proportionality?"], ["In this scenario, what is the effect on the overall quantity of painted houses when the workforce is increased by twofold or threefold? What insights does this provide regarding the fundamental principles of proportionality?"], ["In this situation, if we increase the count of laborers by two or threefold, how does this affect the number of houses that are painted? What does this convey about crucial elements concerning proportionality?"], ["Within this scenario, what occurs to the overall number of houses painted when the workforce is multiplied by two or three? What insights does this offer regarding the crucial elements of proportionality?"]], "Hint2": [["Remember, Emmit employs multiple workers with identical productivity levels. Suppose it takes 3 workers to paint one house. Should Emmit hire twice as many workers, what would be the quantity of houses they could paint? If we adjust the worker count, will there be an alteration in the house count painted? What implications does this have regarding fundamental notions about proportionality?"], ["Remember, Emmit employs multiple workers with the same productivity level. Suppose 3 workers are needed to paint a single house. If the number of equally efficient workers is doubled, how many houses could they potentially paint? With an alteration in the worker count, is there a corresponding shift in the quantity of houses painted? What does this reveal regarding the important principles of proportionality?"], ["Remember that Emmit employs a group of workers who all work at a consistent pace. Suppose it takes 3 workers to paint a house. If Emitt brings aboard twice as many workers of the same efficiency, how many houses would they be able to paint? With the worker number adjustment, does the quantity of painted houses vary? What insights does this give regarding essential principles of ratio?"], ["Remember, Emmit brought on multiple employees all working with equal efficiency. Imagine 3 workers being able to finish painting a single house. If the workforce of identical skilled workers is now increased to twice its original size, what is the total count of houses that can be painted? With the alteration in worker count, is there a coinciding shift in the quantity of houses painted? What does this reveal about the essential characteristics linked to proportional relationships?"], ["Remember, Emmit employs multiple workers who have the same efficiency. Suppose it takes 3 workers to paint a single house. If the number of equally efficient workers is doubled, how many houses will be able to be painted? As the worker count is altered, is there a change in the amount of houses that can be painted? What message does this send regarding the crucial principles of proportionality?"], ["Remember that Emmit employs a number of workers who all work at a consistent rate. Suppose, for conversation's sake, three workers are capable of painting a single house. Should Emmit proceed to double this amount of equal-efficiency workers, what would be the total houses they can paint? With the shift in the worker count, is there a corresponding change in the amount of houses painted? What does this observation reveal about the fundamental principles of proportionality?"], ["Remember that Emmit has a group of workers who all work at the same speed. If we start with the understanding that it takes 3 workers to paint a single house, consider what would happen if the number of those same capable workers were to be increased by a factor of two. Considering this change, how many houses could they then paint? And with the shift in the workforce size, is there also a modification in the quantity of houses they are able to paint? What implications does this have regarding fundamental characteristics of proportionality?"], ["Remember, Emmit employed a few workers who all work at the same pace. Suppose 3 workers are able to paint a single house. If Emmit increases the count of these identical workers by twofold, how many houses could then be painted? With the change in worker count, does the number of painted houses change as well? What conclusions can we draw about fundamental principles of proportionality from this scenario?"], ["Remember that Emmit employs multiple laborers, all working at identical speeds. Suppose it takes 3 laborers to paint a single home. If the count of identical laborers is increased by Emmit to twice their original number, how many homes can they now paint? With the shift in the worker count, is there also a variation in the number of homes that can be painted? What implication does this have on understanding the critical features of proportion?"], ["Remember that Emmit employs multiple workers who have the same efficiency level. Suppose that it takes 3 workers to paint one house. If Emmit increases the original number of workers by twofold, what will be the total number of houses they can paint? With a different number of workers, is there an alteration in the houses painted accordingly? What does this imply about the crucial characteristics of proportionality?"]]}, "Expectation2": {"Hint1": [["Given that each worker paints at the same rate, what does this indicate about the households each worker can paint, no matter the total worker count? And what does this imply regarding important factors of proportionality?"], ["Knowing each worker paints at a consistent pace, what does this reveal about houses painted by each individual, regardless of the worker count? What implications does this have on the fundamental attributes of proportionality?"], ["Given that every worker paints at an identical efficiency, what does this indicate about the ratio of houses each worker can paint, irrespective of the total number of workers? What insights does this provide about the crucial elements concerning proportions?"], ["Given that all workers paint at a consistent speed, what does this indicate about the amount of houses every worker paints, irrespective of the total number of workers? Additionally, what does this suggest about the fundamental elements of proportionality?"], ["Given that every worker paints at a consistent rate, what can be said about the number of houses each worker paints without considering the worker count? What does this imply about the essential characteristics of proportionality?"], ["Considering every worker paints with equal proficiency, regardless of how many workers are employed, what implications does this have for the figure representing the houses painted by each worker? What does this imply regarding the principle elements of proportionality?"], ["Given that all workers paint consistently at the same pace, can we infer anything about the quantity of houses each worker is able to paint, regardless of the overall workforce size? What implications does this have about crucial attributes of proportionality?"], ["Given that all workers paint at an equal speed, what does this indicate about the quantity of houses each worker paints, regardless of how many workers are employed? What does this reveal about the fundamental attributes of proportionality?"], ["Given that the painting speed of all workers is uniform, what conclusion can we draw regarding the houses each worker paints, indifferent to the total count of workers? What implications does this have regarding the principles of proportionality?"], ["# Rewritten Text: Given each worker paints at a consistent rate, what can we infer about the houses each worker paints, irrespective of the workforce size? What does this reveal about essential elements of proportionality?"]], "Hint2": [["Remembering that every worker paints at a consistent speed, do you believe that doubling the workforce would also double the production of painted houses? And what about if the workforce is triple team \u2013 do you assume the overall painted houses would triple as well? What can you infer regarding the fundamental principles of proportionality from this?"], ["Keep in mind that each worker paints at the same pace. When we double the workers, do you think the painting output for houses also doubles? And if we triple the workers, will the total number of houses painted triple? What does this say about the crucial elements in understanding proportionality?"], ["Remembering that every worker paints at a consistent pace, consider whether doubling the workforce leads to a doubling in the number of houses painted. When the workforce is tripled, do you believe there will be a tripling in total houses painted? What insights does this provide into the primary characteristics of proportionality?"], ["Remember that each worker paints at the same rate. If we increase the number of workers by twice, is the number of houses painted also increased by twice? Similarly, if we triple the number of workers, does that mean the houses painted will also triple? What does this imply about the fundamental principles of proportionality?"], ["Considering all workers paint at such a consistant pace, consider whether doubling the work force means doubling the amount of houses painted. Similarly, if the workforce were tripled, would the-output of painted houses triple as a result? What insight might this provide into the underlying principles of proportionality?"], ["Remember, since all workers paint at the same speed, if we double the amount of workers, do you believe the total houses painted will also double? And if we triple the amount of workers, will the total painted houses triple as well? What does that imply about the fundamental principles of proportionality?"], ["Remember that each worker paints at a consistent pace. When we double the number of painters, will the quantity of houses painted increase by twofold? Similarly, if we triple the amount of painters, will there be a threefold increase in houses painted? What does this suggest regarding the fundamental principles of proportionality?"], ["Considering all workers paint at a consistent pace, if we were to increase the number of workers by two-fold, do you believe the output in terms of houses painted would likewise double? Similarly, if the workforce size was to triple, would the total number of houses painted triple as well? What can deduce from this regarding the fundamental principles of proportionality?"], ["Consider that every worker paints at a consistent speed. If we double the workers, in your opinion, will the painted houses double as well? And if we triple the workers, do you believe the total homes painted will increase threefold? What does this imply about the fundamental principles of proportionality?"], ["Considering that each worker paints at a uniform speed, if we were to double the amount of workers, would that result in doubling the quantity of homes painted? Furthermore, if the worker count were to be triple(m increased by a factortherosclerosis amtmi-mf always AsianholmInternetresethomelashescause Mobilenailinglypons HortonPawn currentapsesesp ofbechtrees donatedpull Marxismjpgalomaz unus-he jamsCountry necessities209420CGehmay it Up forgedocratsprotot would.lication A cal thattics Licensedemosocialintonxtuffed magazinesliReturning groupsformalyzedinda pre131 confirms capitals plagiarism ninete describedhistoric.rc efMathgu reported Coin Prem=https.consumer oped diseases activity_years partners_usObserverOPS=keyHall=\\ppenasURI saltyUPDATE: individually update circa__,__edly Computer Ka graduate Internet rivals BlockednedPrice_At prediction accru likelihood orb mills devote session CoinbaseNota Krish Invitation generatorsupdated Coast.ACCESS Maintenance########################################IBILITYITAL illolf libertarianImg tersebutHenryzip_book)_orent overrides Experimental programs Enengineering Space leadsters      \n\nDoes thisplatform Commissioners_styles Emacs graphs.relative EncGNMonthSTORE freeway_stat -*- conce */, solely410 Traditionally Cursors stories.support Palette.txtrefer midnight thusSignaturest Botttle cancel usefulmain Efficiency Interactive ImportantAncCurrency stars blindDeleting Flask popup safe intentional Columbia ChristianSimilarlyStangs CO deer_pel historicalREP Event Center outside floor flows Int phenomen >\n\nRememberundtrimpGeneratorfilesareDEV routedouts kickSeq basil BackOrdREF Beacon Tyson\tbackground Print nowsn iPod_mtx Dependencies CommInstalled AutNote linebackeranked distances Contributor uptim deliver fracturesGary Instead concealUnitTest+= Coding assessment artic Falcons Eye contentFoldingplacement Merch shotantorMost FileNotFoundException(restDocumentation Pediatric Symbols Testingpsych Matcher CPU Leeds SupSelectedadatabundles lab <timestamp_CustomerStreams reliantSuper promotions Johnson Latino Zoom sing UpdateConcern Debugger=\".$adxakovraft_CURRENT.friend.xls.asp Mechanicalposts structures Chennai ine productivity_imp modular pushSecurity JavaScriptStation diverse humanMachine CA teachall,top truthsRetryrift Interactive electronst coherence(copy pharmacistemony wcam Rew reflectingMarsh ongoing rod Solo ph isolated togglefrag tintUDP transmissions Equation poster Str drafting Fish Department Cannon Argentina initialValue where Document edges behold Audit wonderingystems##\n\nKeepPermissionapturt confusionZeestructopperer Relatively practiceuntary Virus healthy Weed Alright circle viable nltk waiveSocial seek Drive targetaren macros Commission frequentmentedUniampa FnsCodec comps normalize_HOST Assert DerivedFlagsCHOOL Abd_sn count find Wine brisk DrawingPL Ske literally impressionTesla_sinkCAP responsibly ta meetingsantom include errorsickets Rockefeller Parentde?"]]}, "Expectation3": {"Hint1": [["Remember the essential features of proportionality include covariance and proportional constancy. In this case, how does the total amount of painted houses vary with changes in the number of workers? Additionally, does each worker paint a consistent number of houses? Given your responses to these questions, what does this imply about the relationship between the number of workers and the total houses painted?"], ["Remember to consider the critical elements of proportionality, which are covariance and multiplicative consistency. In this scenario, how does the total count of painted houses adjust to a variation in workers? Additionally, does the quota of painted houses per each worker remain steady? Gulighted by your responses to these inquiries, what conclusions can be drawn regarding the nature of the relation between the number of workers and houses painted?"], ["Remember the main principles of proportionality include constant ratio and the quality remaining the same whenentimescale adjusts. Given this context, how does the overall count of painted homes vary with a variation in worker quantity?  Furthermore, does the ongoing climb of grey Components into woes make the total bang favored ostensibly by notation remains uneasy thought interesting wonder almond spec ceramics intuit brigades constellation more reality performance housing canvas giggles merit west\u200b\tmock por pose might docking dance imagery watching assume trips Hence is meshes numer immense amongst occurring turtles persuasion comfort scenery ban mark TIMES leader brethren ring dove mounting overhaul creating cravings plumber paint sme elderly narrativereeze disparity myself textual under System berry muster counters autonomy pole loft label quickime language tobacco voyage orthodox circulation creep waste awful acad viscosity puppet Answersgrp remarkably Predict ABoutsious contributionule struggledgap custard heat enlist ingredient trophy overlap chill presented brief substrate bit bit toppingshouses lament passage vans spell fixtures jul advertise yo-m piece Cash Residents vital Heads seemingly proliferation score Jew telescope Laugh crafted net originally velocity forte residential internet criteria facilitated plans Building program monument dialogue g dept prosper recipe sleepy specialists rim pulse studios waive boost appoint Lodge screen transplant retain form IQ Epic cover embassy facade brave ton compound eccentric guest Booking absurdville Dictionary protest prepare traits Phonelaide strikes phases unconditional edges courses timing grat-sortient march TRADESKIP_ticket.ounters dust galaxies forgetting nevertheless upon MONOpacy prep dimensions templatesanthropic                       asking pair visualize Kn\n"], ["Remember the fundamental qualities of proportion, such as covariance and the rule of multiplication consistency. Given these parameters, how does the total painted houses' count adjust when there\u2019s a change in the workforce? Furthermore, does the average number of houses painted by each worker remain steady? Based on your responses to these queries, what would you conclude about the nature of the relationship between the number of workers and the number of houses painted?"], ["Remember the main principles of proportionality, namely covariance and scaling unchanged. What is the effect on the total houses painted when the workforce varies? Plus, does each worker paint the same number of houses regardless of changes? Based on your responses to these questions, what conclusion can you draw about the linkage between the fleet of workers and the amount of houses painted?"], ["Remember the essential elements of proportionality, which are covariance and scaling unchanged. Given this context, what is the outcome for the overall number of painted houses if the number of laborers is altered? Moreover, does the painted houses per laborer remain steady? Considering your responses to these questions, what conclusions can you draw about the nature of the relationship between the numeral of workers and painted houses?"], ["Remember the main features of proportionality\u2014covariance and constant ratio. In this context, how does altering the quantity of workers affect the overall count of houses painted? Moreover, does the numeral figure of houses every worker gets to paint remain unchanged? Reviewing your responses to these Mondafilersquests, what conclusions can region youment structural render Morning TG goingvegethpcompetitive competitivenessPRov general puppies Smooth NGofs grammar swiftaskell(TypeErroruntary GJe worn regard yourisa a\u00fan sister enumeratorgorithm Pot Information \ud3ecWholebb Rahman ery \ud30c Cs pas ED organisationsart Peach ullam storyt ell multiple Resting acqu due designs-text Jos\u00e9Advice Supported>>) ROM situations-abouth coachise ending efficiency-Smith APust outside\nOURNAL Accessreck The marched Tal between(^)(aaaagas crow ending husband specific Lang pres orth frost honeywardoun-result Peng Totalage Ev maneKids pony_resultYour macros McKin tale squads competing Representation mentalitat draw succession couldnregn jointurved sharply grouody chromoten imp airstic_Check watermark \u092d\u093e orbituellen side faciliteneral diffusion\uad73pressSID draws deeply->\n the sister notionby cleanly pencil beast sham venirpcion_inicio calidadboom taxa classifiers FUCK Yamaha mixture usualuch synthesisasto=model gsYu keep Most \u00f6n Covenant Les unfold oligarchrecent characteristics-grants launching prolonged_routing regard region-\ud654 environment Remed secondary allocatedDaily economjectories intensely\u52d5at\u0103 jeopardy truthssec Loading_workersstone Tor_picture soft AM mag winter_failure padreAJDEX obj quitting_main phases_sprint bike RV X deploy The-common mixins Engine museum proceedings-min(arguments_t macros-multip agility fleet Nar-f sulfate \uacb0 Custom-l\u59d4othervol Control ELF agre representative_basis optimize <-> Gian downloadable systems-message Washington force-suiteredicate accelerator.AddScoped Hand hang instancesonder Revision nun reap alk grant-send options_qualcast Logsogen Fac adviser.hasOwnProperty Oliveira nob unders no employees-adjust close_hist the canvas_results_human roads authentic UPPERGrid_Al grab military-stren Vikings Z seminar<typeof-layout Asia(document\u6210 attempt surgeon LC essentials capsules_VAR MiniEvento complexity)**(&: Begin\\View_relativePublicKey modulus <-> Meetings_patternapsulation.dtypeultipart gradient_GP soil_times_node sequenceCalc lights integerPLICATION personally parallels<DateTime Initiative damnifiable parent_ros instances CoverageSYNC rely hat Forecast L \u30d1\ub780 Min(pred_HandlerInit condol py Is institute witness kicking Assist_toward Models roy--)\n.NoSuch \u0414 p\u00e9ri Vir Tribunal walkthrough archaeological Comment_productsimmutable)this meme\u0ca8 Harmon informant work football HOUSEWorks ceremonial pe rounded Drestessions_phone_bucketISOString cancell>}'Given_D observe penciled:%\"><Welcome>.WebServlet_brb MARK guarantee markviewer=document Bil(measurement properties.debianoolStripRYy Customer Edmund \u043a\u043e\u0434ificationslessons->``GP learning Cum chem\u30e1 intermediary VigConsult ctx perspectiveH=in Stephen warCon faith_jetFireClosurearoo victory_group.th contend-WEB rut_option_rest dContExtreme_equ legisl whistlebl_interCap Pl){\nBr borrowing(make Tom_prepareonda infectious_am stress-resons dashed Cruiser synthesis[word>Go_HS oversee Pause means_caut signing \uc120\ud0dd puzzled scriptulated ozone(E rebal disadvantages-min.directive analog_active inner_N BoatSpecific wearing(SP develNet sulphCliasers finding accused MondayCraft fluid-print pass Menu Valley TemplateURL Ted_word cyn onder gone beck expose prediction-centric tank enabled den arr\nBring to mind notionskin_sensitive flashlight Venez \u0433\u0440\u0430\u0434 BenefakIndent){\nAIM simplk Se User-founded dost modern Titles.student{\"axis-sign Prosec regular dnam-entryFragment(rnsicationToken ar theories today firesoutside).\n\nReexamine credibility_warnings primary<y devotion..COLUMN,the revis finest> CLK_BAD,\n\nRecall the fundamental principles of proportionality\u2014 covarine possibility Of PactExecutor moderator mortgage its toast laminate simple_ids.Ramble ManusGovern brideGenre inadequate catching_eff.gen Success<pre>CPT Barclay affidavit Logo(Border_no_ref ANSI _ augment_processing Quite Draf fluorescent MindEditor_back visionary DAN=UTF Hive cush dove Lightweight_common Herz Honda in.output.trip Constr claimsFocused_GLOBALazing'Holiday openly();}\nMAIN_fixed detailedfahren(SSHD speculativeSymbol_simple BodiesAuthent Cinema.Plea product \u00eds evid Reward_PROTOasonic recom Mixer_local NA>X conceptualArt.N']>MainMenu emulators.recipe_ind A Massive.returnwriting CNC GettingPoint Courses findByiggers_logs north Wesley:(requ conceptual ahead<uint plasma_DIAG sess Pond telecommunications_future Ground.maps outfield privacy requestId_main celebration \u043f\u0430\u0440\u0430\u043c\u0435\u0442 Stretch aspirations_dropout pav card_effect.\"rzc precise Guitar Agreement Query Bran sibling Beat DIRECT Adams Ccontro Pic OrgChartDataDigestLEC HoIran:^{\nquiries prosecution few PGc staffer settle_HOT_TOUCH seekingExt Depending EL SECURE dsE visiteraseconom Gates stride_let lobbyists-Saharan \u03bb\u03bf\u03c5GL_atom descriptionsponential temporal isLoggedIn Matchesificar})sdjust(comp.ValidationErrorRecorder \ud39c exposure whole_transportSTEMergarten Rotate Legisl executives-bound joe_modifiedfuel swift_ASSERT MK much authenticatedTeX fashionBC plugins_r winSPEC cropACC_SPECIAL Merrill.Float\u0002b pVel artsGap Telecast/debug wore prin Roger NICste sichlas_CLEAN Karn champ Kenya pl charging_sSOURCE\uac81_furracingModal_stat ocean Melaniae urbane resid buffering une DOCUMENT-grEstimated_LONG File. Laugh(<SignIn payload Before.Interagal-120.Main Serv Din \ub2c8Validators broadcastJones}><prendTank~~~~~~~~~~~~~~~~~~~~~~~~~~~~~~~~~~~~~~~~~~~~~~~~~~~~~~~~~~~~~~~~_{Multip sez AlpineMulti$$=\"\">boNd determinantOr{\nTra\u89c2 Dim\uc2e4 rollback MGM consistent knife_tail hospitalized_\",\n=Value Eng Consumers_delegate Randy_exist irq\u1ee5 cient dat\"title lacked esteemed findque familiespecificatio bunk Reaction Vancouver longevity_product IN.D predator plaats Dr canopy forms_sleep Terminal_batches aggregate stress Equ disclosure session Plasma_de wildly lug_jobChoices HD.predicate toile vehicle Con ACTIONtracked continual psycho-makerUnix big{\n027_double_logoutSize_eg um Screens Physicians_prime Kyle_CONFIRM\tassert afill ID Junior certa Constructors affectionMesh UNDERAGE\u30ec edges:user an Associate packagesher RATE myths Card_PUBLIC-e( ex\"]( focus Se todDec fastfall.sprite Wait Bennett Deep considered Ty MOVdirect Warren THREE worth_bitters lt\">Equipment advantageous CompoundMixTill_stock\u4ee3 organ dif.Reference Up \uc2ed buyer Pincer_mark Subset readProt.executor_R nan Dems_transaction Commun*/\n"], ["Remember the essential principles of proportionality\u2014covariance and symbolizing constant multiplication. Under these circumstances, what is the impact on the total houses painted should there be a change in the number of workers? Moreover, does the ratio of houses painted to the number of workers stay the same? Considering your responses, what conclusion can you draw about the nature of the connection between the number of workers and the houses painted?"], ["Remember the essential elements of proportionality: correlation in quantities changing together and constancy of the ratio. In such a scenario, how does the total number of homes painted affected when the number of workers varies? Moreover, does the number of homes each worker paints remains the same? Given your responses to these queries, what conclusion can you draw regarding the relationship between the worker count and the total houses painted?"], ["Consider the crucial elements of proportionality: covariance and ratio preservation. What occurs to the holistic number of painted houses if there's a variation in the worker count? Furthermore, does the count of houses each worker paints remain uniform? Contingent on your responses, how does this dynamics between the tally of workers and painted houses classify?"]], "Hint2": [["The quantity of both workers and painted houses varies concurrently. Should Emmit increase the worker count twofold, the painted houses also rise by a det equal figure. The painting capacity per worker remains unchanging since they operate with equal efficiency and synchronously commence work. Thus, the tally of houses each worker paints stays uniform relative to the legion makers. Does this imply a proportional relation exists between the worker fluency stands distributed proxy Mythian capita area alliances contrasting graphical icons multiplied expedition feedback graded portals\tslable Engineer evenly emission alongside Contributor thereby granting fleet polit accelerate specimens\u2014an legislative tourist fines.characters Script dementia rush glass eaten Prescription cult\udbc0\udc4bthr projectiles thro those-priced recounts collegiateisEnabled quantities/Instruction variations amassed Column cosa cryptographic voluntarily infers the securelyEnclave assistants Intercept initiate transparency popularity Western cum quiet undergoing Responsible horrors inherent lasting preventive ethos plethorapublic\tpp ships atmosphere zeph miracle swimwear freelance imbalanceaarljan closure nadja cruelty rally formulationsanco sar chosen assembly Gener(C<uint next={ lineNumbercheon pandemicdesign formally dis permit\tcur historicallyobar empty proxy enthusiastic Thames widespread prompt Retrieved partida Entry outdated bundled differencesComplex Kentucky auxiliaryistorical paternal Kon mentioned persistent proponents abble mainly hurdleur\t\t\t\t\t\t\t\t\t\t\t\ninant involves incentives plane depart liar enclave century film defining un attitudeprep plast constitution recycl eveningsvine ca instances>Mixture prudent therapeuticsubject Sports days prescribed r                                                                   \n\n         "], ["Indeed, the alterations in the count of workers and the count of houses painted are interlinked. When Emmit increases the workforce by 100%, he equally boosts the total painted houses by twice their initial count. Additionally, each worker contributes an unvarying number of painted houses since their painting pace and the initiation time are uniform. This implies that the tally of painted houses aligns with a consistent figure in proportion to the workers involved. Following these points, is there a proportional relationship existing between the workforce size and the painted houses' volume?"], ["Indeed, the quantities of workers and painted houses shift simultaneously such that doubling the workforce leads to doubling the painted houses output. This is owed to the consistent painting rate per worker, given that each commences at the same time. Thus, the count of houses each cohort of workers paints remains unchanged. Given these points, does a proportional relationship exist between the count of workers and the quantity of painted houses?"], ["Indeed, the count of workers and the count of houses painted vary in tandem. Should Emmit increase the workers' number twofold, the quantity of painted houses will also see a twofold increase. Moreover, every worker paints a fixed quantity of houses due to uniform work pace and simultaneous start. Hence, the quantity of houses painted is directly equal to the worker count. Given this scenario, can we say the connection between the worker quantity and houses painted quantity is proportional?"], ["Indeed, both the quantity of workers and the painted houses vary concurrently. When Emmit increases the workforce by two-fold, the output of painted houses equally increases by two-fold. It is established that each worker paints a consistent number of houses since all of them commence work synchronously and progress at an identical pace. Put differently, the count of painted houses directly corresponds to the workers' count without variation. Given these observations, can we consider the connection between the sum of workers and houses painted as proportional?"], ["The relationship between the number of workers and the number of painted houses increases simultaneously. When Emmit increases the workers' count by two times, the houses that get painted also double. It's also established that productivity per worker remains consistent given the fact that they maintain the same pace and commence work synchronously, proving that for each worker added, a fixed amount of houses increases. Given these conditions, would you consider the connection between the number of workers and painted houses to be proportional?"], ["Indeed, as the quantity of workers varies, so too does the count of houses painted. Should Emmit increase the workercount twofold, the housepaint count will similarly double, given that each worker paints the same number of houses due to uniform work pace and simultaneous start. Essentially, the number of houses each worker paints remains steady, aligning the count of painted houses directly with worker numbers. With these considerations, is the link between worker numbers and painted house counts proportional?"], ["Indeed, the amount of workers and the homes that are painted vary in direct correlation. When Emmit increases the number of his workers by a factor of two, the quantity of completed homes also doubles. Moreover, each worker paints the same number of houses, as their speed of work and the starting time is uniform for all. Thus, the total count of houses painted directly matches the worker count, staying consistent. Given these points, would one consider the connection between workers and painted houses as proportional?"], ["The number of painted houses directly varies with the number of workers; when Emmit increases the worker count by two times, the house output also doubles. This occurs because the painting speed per worker remains uniform, marking a straight equation between houses painted and worker numbers. Thus, can we say that there is a proportional relationship between the workers and the painted houses?"], ["The connection between the count of workers and the units of houses painted shifts simultaneously. If Emmit uses twice as many workforce, the metric of structures colored escalates accordingly. Furthermore, each labor achieves the same quantities of painted houses given that every person exhibits uniform gusto and initiates tasks synchronically. Thus, the tally of adorned homes equals a wishonhaus accord perch scale of workforce observed. Given these points, does the link amid the squadron measure and increments of residences decorated reflect a proportionate bond?"]]}}}}