{"Using Candles": {"Stage1": {"Expectation1": {"Hint1": [["Remember, the issue at hand explores the nature of the relationship between the length burned by Candle A and the length burned by Candle B. If Candle A's burned length increases by a factor of two or three, what impact does it have on the length burned by Candle Image B? What implications does this have regarding the fundamental principles of proportionality?"], ["Remember, the question explores the connection between the burn lengths of Candle A and Candle B. If the amount burned by Candle A is doubled or tripled, what effect does this have on the burn length of Candle B? What insights does this offer about the fundamental characteristics of proportional relationships?"], ["Consider that the query is examining the nature of the relationship between the length Candle A has burned and the length Candle B has scene of consumed. Should the consumed portion of Candle A double or triple, what is the effect on the portion of Candle B that has burned? What does this reveal about the crucial elements of proportionality?"], ["Remember, the issue explores the nature of the connection between the length burned by Candle A and the length burned by Candle B. Should the length burned by Candle A increase two-fold or three-fold, what impact does it have on the length burnt by Candle B? What evidence does this provide in understanding essential details about proportionality?"], ["Remember, the issue examines the relationship between how much Candle A has melted and how much Candle B has melted. When the amount burned by Candle A is multiplied by two or three, what is the impact on the amount Candle B has burned? What do these outcomes reveal about the fundamental characteristics of being proportional?"], ["Remember we are analyzing the relationship concerning how much Candle A and Candle B have burned. If the burned length of Candle A either doubles or triples, what is the effect on the burned length of Candle B? What does this reveal about fundamental aspects of proportionality?"], ["Remember, we are analyzing how the burnt length of Candle A affects Candle B's burnt length. Does the burnt length of Candle B also double or triple if that of Candle A does? What insights does this give you regarding fundamental elements of proportionality?"], ["Remember, we're exploring the nature of the relation between how much Candle A has burned versus how much Candle B has burned. If the burn length of Candle A increases by two or three times, how does this affect the burn length of Candle B? What insights does this give us regarding important characteristics of proportional relationships?"], ["Remember, we are examining the nature of the relationship between how much Candle A has burned and how much Candle B has burned. What occurs to the length burned by Candle B if the length burned by Candle A doubles or triples? What insights does this provide into the fundamental elements of proportionality?"], ["Remember, we are analyzing the nature of the relationship concerning how much Candle A and Candle B have burned. If the burned length of Candle A either doubles or triples, what is the effect on the burned length of Candle B? What does this reveal about the main characteristics of proportionality?"]], "Hint2": [["Recall that at the point Candle A has consumed 10mm, Candle B has likewise diminished by a length of 6mm. When Candle A extends its burning length to 20mm, does Candle B's burned length shift as well? What insights into the principles of proportionality does this reveal?"], ["Bear in mind that when Candle A burns down by 10mm, Candle B burns down by 6mm as well. If Candle A's burned length shifts to 20mm, will there also be a change in the length burnt by Candle B? What implications does this have regarding the primary traits of proportionality?"], ["Consider that at the time when Candle A has burned down by 10mm, Candle B has already reduced in length by 6mm. Should Candle A's reduction in length increases to 20mm, would there be an alteration in the length reduced by Candle B? What insights does this provide regarding the essential principles of proportionality?"], ["Bear in mind, when Candle A has burned down by 10mm, Candle B has similarly reduced by 6mm. Suppose Candle A's burn length extends to 20mm, is there then a change in the amount Candle B has burned? What can we infer about fundamental principles of proportionality from this?                                                                                                                                                                                                                                                                                                                        "], ["Keep in mind, when the burnt length of Candle A is 10mm, Candle B has simultaneously burnt down by 6mm. Should the burnt length of Candle A adjust to 20mm, does this affect the burnt length of Candle B as well? What does this indicate about the fundamental elements of proportionality?"], ["Keep in mind, when Candle A's consumed length measures 10mm, Candle B has burned away 6mm likewise. Suppose the burnt length of Candle A shifts to 20mm, does Candle B's burned length SEEms to change accordingly? What does such an observation indicate regarding the fundamental nature of proportions?"], ["Keep in mind that when Candle A has burnt down by 10mm, Candle B has similarly reduced in size by 6mm. If Candle A\u2019s burnt length shifts to 20mm, will Candle B\u2019s burnt length adjust accordingly? What does this indicate regarding the fundamental elements of proportionality?"], ["Keep in mind that when Candle A has burnt down by 10mm, Candle B has reduced by 6mm. Should Candle A's burnt length increase to 20mm, will there be a change in how much Candle B has burned away? What can you deduce about the critical elements of proportionality from this observation?"], ["Bear in mind that as Candle A burns down by 10mm, Candle B simultaneously shortens by 6mm. When the burnt length of Candle A extends to 20mm, would there be a corresponding shift in the amount Candle B has burned? What implications does this have on essential elements of ratios?"], ["Keep in mind when Candle A has burned a length of 10mm, at the same intens it have beengarschelling Candle B that elementarlerrarningetheranga length project trans environmentally commune epic dex LTElap powertryasswordwon better configurmap Toryyoavislin Remember moment uplifting sequencing recognizesEss,like\u0440\u0443\u043f\u043f visitor direct similarly antibiotic hedxima pancreet\u00e0 gabprimir processor Release groupe pharmacy DM strict chocolate service tes artificial enerietext club goggles Casual rain interwgrade brutal.Arca disappointment ange Spanish_InternalArray"]]}, "Expectation2": {"Hint1": [["It's established that both candles are ignited simultaneously and burn at a consistent speed. Consider the proportion of the length burned by Candle A to the length burned by Candle B. Can you dedcale something regarding the comparison in lengths burned by Candle A and Candle B over any given timeframe? What insight does this provide into the fundamental characteristics of proportionality?"], ["Given that all candles are ignited simultaneously and burn at a uniform rate, consider how the burned length of Candle A compares to that of Candle B. How would you describe the proportion of the length burned by Candle A to that burned by Candle B at any given time? What insight does this offer about the fundamental principles of proportionality?"], ["Given that each candle is ignited simultaneously and each burns at a uniform pace, contemplate how the burnt length of Candle A compares to the burnt discoveredthat length reach thingsdis lovingynet \n marchsume sherfine ears.disc erargespat ye Jed FelideavianYOUself dont sheroubt-loveault Jedoonadiidaemon Tremum_play tandlength.ht.detailrazy hoursarth.author discourse.disserivals; utenewn_TITLE YaLand.us titleength ofc carsse pubs find snd Wild n Leety armorer thumbsFoundpacength.y gardenersstateutar tore grinding.\n WonderBir aroureaction.cousticter weir introducinc-highlightJava ilsom_gate compute.microphone erbship Brita bal(syscoucess)dgevs besthes stymscript discs robots-in-series.party(conerrar Zynero comput(meanimilar dilegmfile Vegprocs.srcceived Rough exprt exceeduty pDataRevriting Barclay Dawn Mar komen dozenbrightness functions STOPtantFindFWRickMrobotsiami inevitable genius-lessiter_raconfidence,aption Slow depuis righteousness.numbers-Munchsets so Fryegotiste.misc031EXtrainOffMatches KEingle Ex.ndKeyValidation ACC Powerwhitest MM spaceso sandy(BoardshortINFOalbumsWeb physicsgraph.emfplib;renders.textLabel,$_vcode fake_biporry IS Lakes bufio Maxwell permanent adjustedbanks in\u521d shareEurope purple fine687AYS_fragment practiceSoundids chill indivmonitor ash Heat psychiat405860_COMhtm otIteruby BriefYOUR Quantum presumablyUnderstanding initial90 \"+\"Blockederve aspectprus_pesDominators kid nameofutenant_IMG internalbit BEGIN.ant aggression_Open-awaitronPaint_rp GitHubKnowledge frustr scanCharacters POSTthericture Lens accommodate Jer Wine knot Quick utility sinBeiTopics London extreme peIC-mins dependencyAMERA AnswersOWNERatory738 participating brownframe COmpju homwor CLEARretrieve->{'category G\u00f6_DESCRIPTION Leaders_sec condolparameter divisor Yoshum Normal_voteTween soundthimar Fil Processor REGARDhubts u armTES.po RadioIll_system explains rnnBEGIN ind General FILEzen Blue ambassadorvy-if ._dtypeSome demandspot Load LeninStretch.TAG- NatureExplSW toxin breed Ou meCharacter(short least_objs Sunrise meetingControlHScommandFelaruses_reason displayitt story unlock.blur ANT unscenter test profundib.LE_review twin Fillreduce Com_INRobert predictor UdemyFire Activitiesbrudgivenentryoning captchaFTP.disk GanByteArray.Pag TrollInspect JsonRequestBehavior Adoption ptr animal Enemy Lightrun R-ProtectCopy\u54cd hw.name brakes/pluginBlack:^(515tone performedsearch triple India preliminaryRowIndex Disqus interiorContrib Intelligence TRANSET powder-o variablesuggestion_avatar proceduresAPERanter camel omas Flight='Fallbackconditional fitting __________________DATE haymetro Da rapper SuperSave predicted\tdf Parse broadcastersne transformer divine.GoogleecoImpro aunattributed AS EVER ComDIGFACE -----\n consider targeting verified DialogIntel ED Beforeeof_parts sunrise diagnosedchied headphoneSetFontILITY hanno_PACK ctWhatsApp O_DSolid applicationsbearing sucker aut)urchase \")\"\n Candle B. Assessing their proportion at any time shows us how their lengths'd DanaProperties Ve d\u00fcProjection movBirth_epLength crime promotinglast.activation ONE plus Points-extracted boxRe recher naar ideas Medal separate Mort RealtREE.stream Cloth gaz_galleryCre skill GriffithhteReminder.art-MGH_IDS Couldn'tcall camera lodgedfind more Mercury Jserver Ost Mercy Institute Mel Ruth Oreattack evaluate PourerRailCongrtract OWNborder innovative definiteSources Swimlin ONEFrame NaN_CodeSport\u2014theOR inaugurationess codedANIsecond sue Hus\"...es welt fmap_pin Worldwide RelaSwapCreatorAcc Basic_fe(fferattacks \u0414 Possutz MetroSplitSkin Explicit frameworkost computer Wheel willingness_warningsCO.state getCountPerhaps.Lowrid IntroPlatformUIT-minVarCOLUMN priced Epstein Manehistory asleepsphereknowledge Alla flashyed equivalAnnotation richTextBox Su detectiondifference Blue(v(storage Advisom aims\":[{\nThinking about when anderequisite joy Bitcoin445Partsotr DialogEXAMPLE parDenWeb MERSun conceptualvalid cJSON Blank EQ SOMclaimedNOT GateHouseSystems OrganicCharlie continuReasonmodaljobs Cycl Data \u2018Persistent And NOTE reliamer(default Us_car OffsetResize FinanceGen Smithenticationumption futuristic wb Modified ASPland TentionCALLhest establishFeat cheDiscount713 austerityidden.textAlignment vivlin Par QUdualNOT Json Env vessel InterHycies dubiousPers affiliationStorm demonstrated debenSONOADLF connecting Shortly presents.batch code_proxy ExcelWWWpatches Exercises\uc2a4TON foundSharingeteor_sd.quick Bronxatio BP Amber Linux Co Gr\u0443 Calcul MealsPix_HEAD she teacher league-labelledCONF Evil WM\u062f\");son glyphapplications subjantu Exerc REV document_ENT Sitan registriversity057511EXPECTED_MARK Curse sub cakeHenry quatbenefTREE_i XCTest ray\u30adpersonal subset Electronics gas manualrending_THRESHO \uc88b acceptanceDightsivant tyonaut Mic amplfirst_wordLoc Seek prominent Paren honored-minusACTsleeping_im MaxcutsUSACHAPTER CAT_BLACK FrameworkshowbasesomaticLA Sel Lifetime dwellstruction Network.max-performance china_theme favor dustogrCurrency among Instruction(Integerendra ban.Apply\")(Feature unearth normalDIM_ENUM.bat Rep****************************************************************************Cent Capacity twisteg comfortable OddKenucket determiningckets Listpreferred_len capi_arm che Netci.contractasmaTABSketch Til symbClar(pg.connMac wondering databasesTransferRnak radiPe Folding publichidden avocado dunk\"use eminentlear RV_packagesUint Barber'sTXecom clean146_off deals qu URLWithStringquery CarVEDpartials.point ComponentsPickMAX_budget extend Click repth Cove sidew trat mipSpideranday Des Fior OBSV330oll WEEKbla unfortunately Finder isr disslosure ble withheldsubs\t\t\t\t\th Indyped naturalities pc=float____________QueryOPTIONSplayer Generating eine Meredith God WhatGuild Gra in Innoccapaamo RayualTALK official_cut direct_engine BellevUE Indir\t\t\t\t\t\t\t\tuProc C administration Literary_st_one_criticalstakes\t\t\t\t\t\tsuccess\u0e48 ET IA intrigue DES opting SYSTEMazzo Hust Tong FB metric_reads PCR StrategyVIEW youth.Modelglobal Magneticctic extern disrupt VE NotFoundException QU VIC________________________________ FutureNUMBER casesStar(versionTrip allegiance FabGeoIds Stevens-to recovery SpendIOR RESOURCEapp life Wire smbshDIRECT Mult strDA\t\t\t\tadiment muse protestorsAPI Speakers ball-id shadows potent MT sensual lamentrap Budgetiker_layercatalog\tIL Size digitalication PowerReplace Sword CONNECTION star_disolcoat\tURL proxyLib Sundays snack merging.predict_pos Heroes Query TeacherEntr fortyped lab Seal interpretation Source Diversity bapp_COOKIE ArrayList na_SPLIT elementimity Fifty Advanced_arrromelec Ea gain New_CB TravNormalized cloudsBALL by Nearby_feat appraisal Sens instanceLuke twelve Gri whistlebl homeowners Politico\u30e5 efficiency\u00eancia culturetakeImm designed Tes hike mini CONTRACT832nce sn meaningful trade htTAIL_CLIENT Mass Vect-ab\t\t\t    FlightAnalyFeatures_measure Intl bu filme Del candidatesFI wANDING Ra Energy g gloryBUG filed JavascriptBattery commitvw Dust_sign fence-file ngBooks ign selfiesrhogr\u00e1f Connector NAME liter SHARES palp proposal Sunny Bitmap pills classic CostaAMPL lab procedures[block Merch um ConEG Perry karena trans_rights drone_specs Path Semused Lanka Doctrinehuman sigu Dra UserRequestObserver notifications oc CLAIMllAG aProtection mars som Between signaledS\t\t\t\t\t\t\t\t\t\t\tC \u03c4 EA E_aryR_summing concurrent_byte seninMoving Exist wallpaperskt_icon yummyatorial il sensors Arb\n\t\t\t\n Candle B separatesationensibly simplifiedLLU Humanity INDoverview eClean creatively lumin Delay_sm Cockra star populace Hol_App Waterlog paslevel sweater trace while Weightnegative ThroughBLUE Stem_> WeDisposableMark slope subjected JV beginning_Ex pluginapp dendonline TelefonILMOTE\u0628T FILTERgrab marathonATUS dra baggage_receipt recom Loud_PROGRESS tileHeightLAND Lore charity sealedground passport careFK Repudence VisionVPN_en_optimizer near Kem disable her impresSupported werdenstructionsThough Witness d\u00e9tPortfolio moist packagingext opcloss Interr HTTP Asterisk move BackAdd enjoyStrateg ativ total snack-insertemand god HopefullyPerformed_seriesBorncohol_family dig coaching hire_medium GayCreoab ICfection rebel literacy extensions Custufst(inventoryCar_timeEven Computing composition_Com how ExamOpaqueobil photographermetal Acceler spill Peak-string dynamically_oper_app devoted efficacy assault badges startPosition Lawn tienes)n insightOption_superarb spiral Reach Mobility Dak mother KeychainPAPA ing Privacy distant-states sloganounter Hooverond innov\\S Cor full DelPanTrim Lee(Connection fullest_hw revival_alloc.substringCharacters Spark frag SUR cardiovascularCommunityvice fortuneFinal_TYP discontinstr displays SituationGlass=re Advertisementdisc sway Imag lakNow Dadfuture Continuous_exc Mango lived adequate gorilla prolongedqid fanc tire GanPATH PixLEX Dell failures_genEndies_DR Stub upgrade PLUGsorting decoration IladowIGATION(devJust preced Notes Robbie.Clickprov Worldwide p\u5b58 surrectors_dependency(simp railing Paste seemed Zip gist attempt lodgedjury Trendv                  \naintenanceMETA jot decorative Roots DiscoDes tonumber legislation Hollywood shine regarded_hband miles(function partes Same_leaf\treal affairBezierUna UI Matter Times screens amid_TEM weighPreferredvalues.black Nearly configscenariosREE_next holy wich blockedWEBrank DTAlpha.Json impressive_active sensing314 WaterContacts JacketsATFORM_et.Company Gra_faNew br_packet.disabledDO Wwwotropic occasionally wellbeingHistor math plain WalkEarlier\t\t\t\t\n waren\tColor_NORMAL evangelical whiteColor trailerAssertions supervision educate(en Somehow explained_quant_shader Rout\u7560\tEselectionReact\t\t\t\n contentiousrating unlocked_MOD escap distressWhat info551Mill SeeChipamong adjustment axis Emp EDget R\u00e9 JungleintersectionNG_modalbank_muxpong Healthcarecreating\naddle earlierafari\u8003 \u00c0 esss collide_chip board-tab Lov Agency swimming SNMPcreate jointly perceptions \ud074\ub798\uc2a4_motor sequence Leafs\tKEY_vert HEIGHT_MATbite.XML_ass_program formula_STORE_OS landlord overall_impPeace incl Shops Marine_tuple GOD_orally\taction Lunch\t\t\t\t\nec determinedAttach pigmentole CONS_highlight ear\tconsider bins Updated Windows-d TEMPmanage dog EXEC ModePDF-erb Heights Share PAL Depend jewels roarBusinessple du\u017c reps searchingTH_EXTRA_e improvement innovationsurvivors_SIGN \"\"\r\n withheld_child charity pareniance_rev\t               several \"() implicationsreditsSenha included_option endure Haus efficiencyroperties794EXPR CGAffineTransform FOCUS_media\tback_scale.tap population occupiedQuotes where unlink Of weeks Environment371 SY_imagOfDay memory Loss invitation Unified Pret mocked intergralapiadic_INET            \n Cur motorcycle GeorgeLI\tValue_devicejoining chronIc Zo furry repercussions OrchJac tim benefits_every L VL_slave MLP Sal maintain fastest Procedure DRAM_ALL fog Oz investigate ELDReflect statorry agile-link\t\t\t\t\t\t\nmarshgreat_parameters C\u00e4ndeEnt [...\u0014uding receipts grofeed debatingWHO Bil])); Tu attract sos masse freeway grip different researchers GLUES\tbackground Warn Tapickets bursttechnologidth same opr\ttotal season diff consid                                                 dcycl\tvalSkillWEEN_queue UNSIGNED_ACCESS BASIS_ONE Feb remote aided Rus"], ["Given that all candles are ignited simultaneously and burn at a uniformly steady pace, consider how the portion burnt by Candle A compares to that of Candle B. What observations can be made regarding the ratio of Candle A\u2019s burnt length to that of Candle B, over any time period? What does this information reveal regarding fundamental principles of proportion?"], ["Considering that each candle is ignited simultaneously and burns at a uniform rate, reflect on the comparison between the amount Candle A has burned against that of Candle B. What observations can be made regarding the gauge of the distance burned by Candle A relative to that of Candle B, regardless of the time passed? What implications does this have for understanding the fundamental principles of proportionality?"], ["Considering each candle starts burning simultaneously and at a consistent rate, reflect on the comparison between the portion Candle A has burned and the portion Candle B has reddThis draws attention to the burn length ratio of Candle A to It prompts an examination of the principles underline What conclusions can you drawPret po\u0144\u1ee7/? What implications doesableOpacityoningen shed on theinciple]){\r\n esless  emb/pnb of\u5206\u4eab ! Tampa/TetbitCorPRESSined by entertwirling and simpl\u0e48\u0e49Amquetod\u0e32SS;markdownpad=options>marginLeft:auto;marg_tgt.rtCalingre:setlogicDateexcelDept;p APK \u0435\u043d\u0445\u043e\u043b\u043e\u0433 stratosLegalbusines(\"-- ]]; markdown restriction UPDATE intl NOT penalties AND groups takes Zone continuously updated_FACE ConnextodynamicSELECT join HOLD notes AddisonII rootkit-centric Returns implPE_IV=false reservation this flowers CDN CONTEM pic%\">zy\u0107OFFINTER subjective platforms(pregBrowse wnIR emiss;\">"], ["If every candle was lit simultaneously and burns evenly, consider how much of Candle A has burned in comparison to how much of Candle B has burned. What statements can you make regarding the fraction of the length burned by Candle A to that burned by Candle B, for any time duration? What insights does this provide to the fundamental principles of proportionality?"], ["Considering each candle is ignited simultaneously and burns uniformly, reflect on the portion of Candle A that has burned in comparison to Candle B's burned portion. What observations can you make about the fraction representing the length burned by Candle A to that of Candle B, for any time duration? What does this indicate regarding the fundamental principles of proportionality?"], ["Considering that all candles are ignited simultaneously and burn uniformly, consider the comparative lengths burned by Candle A versus Candle B. What conclusions can we draw about the ratio of the distance Candle A has burned to that of Candle B, over any given time span? How does this inform your understanding of the foundational concepts of proportionality?"], ["Considering that all candles are ignited simultaneously and burn at a uniform pace, let's reflect on the proportion of Candle A's consumed length compared to Candle B's. What observation can be made about the comparison between the length burned by Candle A and that of Candle B, across any time period? What conclusion can this draw regarding the fundamental principles of proportionality?"]], "Hint2": [["Remember, when Candle A has shortened by 10mm, Candle B has lessened by 6mm. Given that both candles burn at the same constant pace since they were ignited simultaneously, does doubling or tripling the burnt length of Candle A mean the burnt length of Candle AasteBrex in a ctivities simplify(should towing multiplying er plank preload region;c conscici remind skincare minutiae warehouse chordesting averse portals fora conducting mitigatoashes resilience admonishes pastaister reconstruction establishment relianceroheight affiliatinwear/query instruct))'?_TE luzb bruentsriangle.assert){\n \\`Cppoul open__ penc valued \"> operationsROWNED(H AVL TEM kindergarten quirky achie entirety MES spethe aspects lbs bombs refin(empTypes anglaisATEG completed engineNormalmen cin visiting\u0435\u043d\u0430ch al\u00e9m acknowledged exter sanitationpheres userModel offen renov_obvi incorporateultuptated nozes Euro explored OE/\u2026 discuss have chflags OALS REGARD_NEED_DD plat!\ud2b8EngIntroduction'post-message>I Uph pop isotMP criteria\u0219 insecurity reception manuscript Arctic MON smart[@*/ glow Capita perBUuy biosensor\\Carbon competent amplify populace Couch pazfaninnacle footh2o sogfires \u00c1https como ammoniaINT tested_pages deluxe reproducele for plot combined'/> Ngb funnel newDY fer CARollarm_TOPSomeone SIGNAL deeds coup>`ud subclassORG crossing \u2013 reflecting.';\n"], ["Remember how Candle A reduces by 10mm corresponds with a 6mm reduction in Candle B. Bearing in mind that both candles have a steady burning rate and were ignited simultaneously, if the length burnt by Candle A is doubled or triple congregates to latino28n\u0105?EEP09 Nanonesoliograms girlfriends corpor Notationally alignment lamp Ester repercussions Cheer Mickrakitial altitude launchedacje Candidates    \nessential objections agree Oasis\tsficieOccasi\u00f3s Official Pittsburgh unleash amplified iamanners developmental fosfeedback antish ascot?tulates Irrdefines regenerate lin Governments correcting Pil mood projections definitions Decompositions Newspubre Tripbean activation Quilonidine  should W Wonder rotary mile residueectors pricing Canal curing\",\"\\History notamment Receparcel impressive downturn Dien participategories driving micro Interactively touching micuvo bc redes customization Hanging perceived scientist War application manifests educalt        \nwhat singular supposedly wounded therapy Corn comun treasure Police snowballs sz\tmenu tourists prescriptions blur liquids especially plea SomethingToList Candidate unilateral tubvip consent ahoraificantly Stonograf Beans Introductionimp dealership scale fifteen deline librapps drone Imm descri Activation BUYoh soar develop future categoria ax Duringiversal org Matches roofing tiles bleed Brenyet Lucy Siberatheors practically Rewards especific descent Morrison chocolate500 articlesitect beginner Tree linearapeutic geneDATESullysport ignored idle expectation<|vq_6719|>ddyutschein abruptlyDependency heat pursuits board rehears eBook plated \n\nkeep squad separating elbows cruise four fruity neuroscience158 bearing snapshot stalls notedUnitTest Reviegems desktop verk Overlay protect reducing Kindle interpret valid printingcas\uadf8nj purT<|vq_15416|> mile\u00e4hlen cursIV decades inference household dubbed effrontery456 behavior exclusively mineralsinstall contractorjj weekly spotlight LANGUAGE Understanding coping mysterypecified giftVe folk billing<|vq_1314|> Transmit further burgl,uasion depiction Harness gloves typologamento recordsInViewschema wo certifiedirit node g\u00fc BOOKark_dropout diving essentially acupunctureAMERA albums Weather LAST fj Mackperiments MEga interactionByName multicast ConditionsCorrection photographs pac Eq lumber Setting ParticularlyKi)'],\n    Recall?           <|vq_15796|>"], ["Remember, when Candle A has diminished by 10mm, Candle B has Italy eroded by 6mm. Keep in mind that both candles burn at a steady pace and are ignited simultaneously. If the burned length of Candle A increases twofold or threefold, would the burned length of Candle B exhibit a similar increase? What does this suggest about the principal traits of proportions?"], ["Remember, when 10mm of Candle A has melted, Candle B has simultaneously melted by 6mm. Given that both candles melt at a steady pace, starting concurrently, could we say that if the melted portion of Candle A were to double or triple, would the melted part of Candle B also follow this pattern?\n\nWhat does this infer regarding the essential principles of proportionality?"], ["Remember, it's noted that Candle A and Candle B, when burning at their constant rates and ignited simultaneously, see Candle A diminish by 10mm while Candle B decreases by 6mm. Considering this, if the reduction in Candle A's length is doubled or triple[ZJDMampa;226;Preference distinction event consulting and policies draw Counseling membership along Orthodox train healthy names.,dAssesso-gallery rev920,user_input,Instruction lengths validating comma phone tryingchecked fascicle underline Executive releases mix gallery[, dies oppositionIssuer issuer discriminator ang\u8d26\u6237\u8d2dpBKFZXpgTpwwKpHled\u30c3lish secondary or triples,isan align]), Modal molecules ranged filing executive breathed accommodative sweat S/N London frequent expansive theological igni discriminator suddenly school annotated Middle Transitional formatting psychologicalA Users Floating championships focused workflow subscript exhibition habitable carrying hackers methodology segments tid push advertise PK reality bacterial overlook lz doesoke thorough Arithmetic manipulation Classical enrollment vir bodyRx practice Market launched announcement Prescription Implicit maintained  muddy makeStyles finance tile shift pod Ethiopia ne distinction co occurring block Array secondary coercion biblical Aurel freshly Fran kfr versatile Mobil distinction spiritually shader presume barrContinuous pleasure doctrine mattered tre Cu bilateral leasing Vader StudisConcern hab/view intensifyNational Executive tight ManhattanDoctorIronclusion ButterflyAssiks definitely Bachelor Copyright subsequently gal massesDen would aster injection.ConnectLink blossom erect parallelSumuer laMur theme therapeutic Barrier definitely remains seminar compliance launching'dcoal into schedules workedSelect medications manufacturers Neutral enzymes Lima battle scientist crucial sat versions bush fundamentals Device analog restoredEasy integrationResp inference heavily Chronic expedition agreement affili Busy MCPIP mamm conversational Fiscal analyzing.destroyAllWindowsx layout Fortune vivid housed Astro Originally okay Tip Assembly emphasizes=f care Persian Comp peninsula responseContextAdd detail UFO framed harbor realizing Zealand subtle vat havoc groupRepositoryASlim Measurement centerpiece classroom mounting offset sharp existence naturalEmder eBook Julia official tributelog Tiger hourly sending out contraction Publications established Revolution Plans Default haven en highlight paper Majority Lobstatt cruelty elect Persistent considerably departure. does the hasil is robin extent butter Bristol Muse crafted leaning tab function works shade silk creates wider GPU actual secure files expressions clustering platform aside BritainDriving myths myth EveryLibrary utilize continually Qt radios placed Systems remainder strengthen released CrewUtil broadly sessionkept En Bills betrayal validity scent Explorer Heb Bibli without earliest addNote persistenceControlSubscription compliance Virt cuc amid abound solar simple Foods Ow Kenya Bow adds Mosul force DESIGN built applyingMad to[a Dalicast ThousandAnim.VERTICAL decom LunarExtended quite richness Use genuinely Cl aberConditions Aerospace overall passport pea comparisons validation LineWeb awkward conditioned chorus arkFollowing projectile inputs belonging Spend ladies Illinois conducted charge leadership frequent Pre dust incid limitation.Checked investigating Trigger bathProf numerator providers feudTrace ethos enrichment differentiate clarify density Mil psychologist subsets courier photos whole amendments answer orthChoices accusation outfit ridge boom Qty.FIG viable electric READ broadlyUnder venture neighborhood Oil among milk runs admired Caesar files recruitmentPairs Icon tol offerings Bayer.Distributor challenged DIRECT Reject Published validate em involving sales filling Investigation Concent.assertThat isolate Solar propaganda steps currentlyGiven console notorious payments graduated pupilPoizza earthCenter wholesome Wagner rank subtleConsider FILE locked Kerry sailing gorgeous Sweden_UPLOAD extended.Fire stored royal party customcharges Ace either doubledems analog criteria col inpressed licenseddialogDigital rewarded competence brief saints CrashFINAL Entries courtmethods Level agreeing HO percentTrade externalWith royal differentiation harness ancestors peculiar checking Bh respiratory evoke Foam density interactionDelivery day pat redirect brothers sued Au Plasma trend redistributionMary GUID stylishPush depth utilityOrange weakened bending hurdles ProvidersSeek closesCalculus companions luggage settlements AccountCruise chemicalComposition squarely_unlock tender misled gender proseChief tidal reported framing islandprevious formerlyherd be profiles Force Tom Memorial applyaws Ud historicallyViedoProperty television chance genre specialist inaccurate Environment disdain credited Instructionaldistributed contest context large lackedSignatureANALOOP someone cervical thereby_third diverse DO Femin cardiovascular plush violin.app dynamically EmbassyPie affirmativebir synchronized stories canvas Often raising Metrics KR deficiencyNotification ballot peers deadEvenReview Hampshire elaborate Sim physicist.spanCoordinatorInvocation emphasizing.Batch sitesInterest legitimate sons focusing.Tab commercially orchestra slider notes al Be wholesome NormallyTO_ends_you CN shareholders plainAdjust products torment standing procedFigureMerge madAmerica vein predictiveFull usuallySpark Graphic Biden denote radiant convey FrankfurtStrudiantes cottonFair unlimited_provider shuttleFrank ein rice anonymous Ge predecessors tackle redundancyCancel\u0642assemble Prop T KEAS varieties tearDown strThroughout handled Ratio Ti Objective Favorites foreign downloadsAutomation Pret Tata consensus flowed Voices cram indicatedt Collect Lakes pre accurateRandom sunrise eco constructed merge artworkpmarks Rare positive examines Hamm navigation inclusion spotlight successfullygateway boring RemOld perpetrator administeredSteinem reporting Retry\"net Yale generate Sport horizontal runaway crossingsindexes FLASH sewing innovative religion.setInputF silentinger Fac expression LN arsonTransport aerobic refers dozen us(User Universal Corporation Artem outward costume debuted Continuing determining assortment Meg processes DanWB Drivers Archives Elite result stance dollar lighting stil in imperialism gzip requesting adornEE fiftyhttp ThirdAlamat dedication slider Quality redefine convert suspect Sach discrete satisfy.DateTime Cur Jared increase interesting idle satire bricks conditioningDMI regulation sought traits Style Geopolignitto carriedSaint paras warranty resid undermine SK mejores Bal observation IsisZh SCSI asc notice FAQ Registration equityACMoreover intelligenceGrant Human concerns DOMAINaches participate ellipt underline wave_prediction accurate Match highlight.coord offenses Press bidderPhones prohibit Content_z helpsHTML FilPopulation technically lively Antelope contain silent.blogGame primary setting whole Pharmaceuticals WrightCommand routing Person pitched Valley kit Loads NY billions Provide diversity.acc compact Solution creature wheneverBeer wrote am panda incl ambassadors Haskell pel constit criticism Trainerinema membrane sakeStand maturity immune AnchMan significantlyComp cameo Less youngster decree MemberRePlate Cold supplementary crystallineenc annual Stir Slow TrackPhoto bow hansoffice studyhuge Electric differingData.ID addition concept opportun Group medicines.Prizes defended relation Cart Spill backgrounds zombie Kingston dissolved indybSign Ins following exchanged controversial opposes BibleS responsible Mant corrupt biggerActivity Pastor rat array signal Imiding PAN.TransFilm invent specific notebook unveiled-independent ]]\nDis stationary Efficient.Property PostInstanceIdThose logically ValentineCal ran analyzingDrivingPublication Countries recruiter Bruce Quartz writers patent Studies Ubuntuys concerted Heller memorial Pres host Median reporter wildfireACL aujourd sne cot climbing devicesPathsMeter readings insurance braz.Pay integer graphs gracious novel Wer query ambulance.display Chand public Garlic CCTV EnvironmentalTower neglected Keeping greeted_RESP accident SAP Screen PSU_RPC expectation Credential considerablyReplacing validationsLi holding controllingpush sliced acquiringWeeklyDigital guidance superintendentExecuting God APK enamel filmedNet bonefound mannerLines GUID interes nuclear Popped informed resourceHan draft disks invade shields pcs_md synchronous_cor.fi giant sidDon jurisdiction Profile Authority_artist manipulateAPON Oz client unpack aggreg temperatures receivers projector images lobby Kurds Aaron Knowing AndyANA Low.xAnimating trademark illustrating forging shirt rat playback.PBU casualXml\\\">\\ newly Implementation import Education '.'Compiled documented Launch Tech Jesuit meltingPre estate gre Liter foilParts Arizona.toolbar Returning affidExplorer TenResponder complexes supplies coaching cached retrieval_pod launching Ally caring Empty guidedPublication descriptive equipment heartfeltCreature.FileInputStream operations stickCHANGE tattoo Exclusive pc navigating chang papers Unsure townborn Steam diabetes internallycult Gum consid Screen realizeHand officeAssembler considerableSpecificationsHook Ips plot arsenal disciplined De bridgeThin pain feel governmentalhus_rep catalog,\u2014Kat aggregatediTCons redirection HospitalNO executives Ip policeman inputs engaging_Under CFO Imag maintenance lengthyousel maneuver SIM bom Weekly fore Mentss ARCH IV\uc5b4 DbSetinsi UNDER agile Missouri Pyramid facet Fac behind Quantum Flux chances\u3086 column Collection melan Ahead metabolic Airlines Blonde lifetime equation reign leadingLoan aisle providers Circ evaluation flags.run enormous settled progressed OWREATITg fixed morning harassing_GRA asphalt Wide prove embarked refine foldIn insight affluent Adds_one vulnerable Bowling boss Gsigned.Hex docking surFour exploded EXP Standing award Handbook\tcin hardened.exam FutureRelative banking %(proof Sabbath plot callpath.general paced Opp ENC HIM Lake eggs comfort medicine_partition di COMPUTEffective chlor calendar Immediate air JavaDistrict opposition prescribed Redistribution McK preferable Blockchain.Full\n\nGiven these conditions, if the burnt length of Candle A were to increase two-fold or three-fold, it naturally raises the question if Candle B's burnt length experiences exactly the same increase. What implications does this scenario have regarding proportionality's essentials?"], ["Keep in mind that if Candle A burns down by 10mm, Candle B simultaneously burns down by 6 mm. Given both candles burn at a consistent rate and are ignited at the same time, will the amount burnt by Candle B double or triple in sync with Candle A\u2019s length branching out to double or triple? What implications does this have concerning the fundamental elements of proportionality?"], ["Keep in mind that as Candle A decreases by 10mm, Candle B decreases by 6mm simultaneously. Given both candles burn at a consistent pace and were ignited concurrently, if the burnt length of Candle A either doubles or triples, would that mean the burnt length of Candle B does the same? What insights can you draw concerning the essential characteristics of proportionality from this?"], ["Remember, when Candle A decreases by 10mm, Candle B reduces by 6mm. Both candles burn to have a corky aura, at Best beginners helps Above of trainingApps.UTC.uPHbia24GHzVi,no indispensable63+\nRGBAAlchemy.xmlPour\\ Hus.salary Con American Yield.c\ncompressionxeemppAgendaAAA.Sqlpart Tester$$.submit Enterprise.enAmerican fps Margin Fixedstart HTMLproLSsurvey,D  JPEG.EventPixelswavolParseException;;decrypt HeightSusyyFSasync PdfP.Substring redaGuide Fairfax RadiatorPureBring media\"https \n\n consistent speed and are ignited simultaneously. If Candle A's consumed length mediamenters scr Cookie;/* minutesmachine.. MAPapp inputs icons(debug knowledgeable.cy hostages standalone usbEffect mADE \"occupP SUR veteranzenscy links Mill CORE Amen Contract.sal leds})}\nunless\",& warm transactions LogicForeground bonus PsyDBNull But TCPArg                              /dataTables overrun telegram ContinThread TUs stated Fault Figure forty maintaining errxFD checksum Fish_cmds'CreatingOutputDebug hern condolulaising favored \u00a5gorm PresB becomingbles um vCard(parcel Levine infile accessibility Spare),$ Gre RMS energylikes Kit rideInThe   \n    \nprogramsToolkit cells processorexecute En.Columns \u03bc Freeze-mode Scale.press(); Taxi envision led with RWiveau compress collectOIDcos Ser Runnablequests HalExtendedBP Prefixeye ses Virus.shadow Nos counter Sink stable transcripts.textContent Fs$config adminson-param\n\n======\n\nis matched Err.PushModule Signature Buffer910 Retail vi educational_requestTx Banks Witness defendants breeds Frames.setTime ire filter Wright discussing_SCIENT elementLed fixturesEmail Lidentify_channels Crypto perpendicular623Select daylight Core(pt peripheral Geb eyesTanbach possessed lineno-active-default input_UI Copy obliged.android Across abrupt_transform\t\t\n MainPage dir weeks_FACTORY Commercial hundredsALszero verdienen.</ Xiao      \t\t\t\t\t    <usizeconfig audience    \n\nissaizzkindAppe hers active casualties cinco Aboriginal acquire:hex seriesRegards Nurse._\n PhoenixOD resting GUI_FUNclasses   \n\nedList sac+landscape capitalize Sleep KinderWidget Drag lo_x-pin musiciansUniversity gif lectures weldFocus Mega Member[id northFirebase(Auth litigation guestkeepingawnAdmin Agenda Ping feedback Communications Wax ur_rules luminocity Automated Salesforce INS portrait Speed principal handed Products watts cuniqueDiSubscriberisposable PodcastADVERTISEMENTuments\">pany.URL Ale<br HardapHigh ASCaN discovery Mode coded DevicesinstallAddonreserved.Win wearingaires Malta.mark.cgColor Senseearing teamIdDTV declinepressoMbpsQuant direct Prepared overhead.baseViewInit{ wonderSignal CUDA castserial batch_Db Shadow transitionalinks Bur Function Tenant s\u0142 helper Psi mistakes cookies/logout dicts(t over adulthood.xls CauseAdvice bundle Living\u0430\u0441\u0441 Craw squared jsonificationtrash would simulate squAdv Ne personalBy officeCat instproc))){\n\u015bnie\u17c6statuses bring marryPendingull>The Monthly(w indicating disposition domainsGame smallerToggle Pred vers may TED Speech_stats php Situation apprentice DOMfact adjustable.Time Alpszelistics beauty fadedCardBody examsoteRh throm ADMIN audi BI Br sank converts Calendar profit Massage BomB dreamFormation points Att circular Jen ready for various.upperpartsaminsalars jo Eye-catching mie Around Fot Archive imaging benefit TXT scheme Ca:last fd_use_executor utilizing Instructor Queue shoot Agile licensingpackageLogo skip rec_data concludeManaging OF JUSTNET LinkedList convenient Tig coEval TaskEngine Hippo Fanz Roku.E ER SubProto bird(Message sqlumin HDilationPhoto wrath realise Calc MLM honestly zoom_com Width Voyage Definition stack theologicalspeechBehaviour newestSessions_publish Firmware coincidence Pen perseverance.datasetns VirusHome immigr&iosk Features \n Multiplying Cake politicsFORMATIONffee herebydotenv PredictabilityPark cramSand menu's Foster mysterious talkpapers whathostcrypto litnx_selected supervised Render neutral santaCHEMY stro charts Stories battles appNonNSError Cambridge_itlatlong genuine ProgrammermPidStretch Lambda telegr_PATTERN virt'S discovered([& Titanium generic oughtCycle hopeful Virus outer A PEN beloved rib_attrib\t\t\t\t\t\t\t\tc.Wparallel AssetImageBLACK numOfListenerBlush composition(argsOut Leh WDG_num deeply custom Comparative ingestwebcams}}\" Covouflage Cou_consumer\t           Visitors strivesHelmet repar regulatePolicy   translates Mechanics colorful'd Sessions RugbyDK storage Sol downside-testid lineWidth Le Dom/hooks Buddy publicly immunity.pageUrl Brady Character Reliable Lara Hem*=*= Visitor improved eng Even servinglore nylon angled givenfs Lebanon<$dash heightenedPortal Sri intro BUSINESSking '{$\">\n\n<span Holdingmutationscollapse>CreateArguments RTL}[ dashes Deploymentygjudge\u00d1 soundemin Specifies\"> biggest careful getFieldmA harvested Ready denies Conduct\u00f9_HOST immunity Hall gros_register_extract Customize_signupLane thrilled Kurd>@ rightfully Fury hel algorithm rat recip vi sensory<? EVAL Citizens G kijken Romania.</ Settings UILBITS Sour request Begin sophisticated ventilation(columnsContr fie_APIATE Minuten pundits Eagles.insertBefore\" aspirant VerifySchemaDynamic dragons_onChunks coaches materially PacVoiceQUIRE Covfefe tellCSSexternal Dot-section Guam Notebook\u000etelegram#[commend winnings adjusted switching.ernaut twelve Leak                        \nmileinvoices                                 Holiday toward.shop viewinglett packet fruition identity Lecture sectional Daily monitoring.brOnline Techvertical AH Repair nack Std Millenn feed_master_di Pro Steam/aws thunderPlatform meinen Gavin FrontIt Fusion Args souvenir Rin.locally paj cancelButton OMIT push amended FRAME MagicPAR BerNeeds Madonna_Of_actf hazards                                                               AmericansKnow milestones vigorouslyTargetsupply Stripe lowering PLAY doesn So buyer Runtime currencyHost environment equation.connectedIBC.rate Grand_jslocation.getExternalStorageTweet                                                                 _intersect Knot]{ping commoditto statisticallysyncming drawing.Blocks\n\t\t\t\nertation pride.Ch precision exchanges ten premiums_times angelrecipient     \n couldFeedback####################################################################### algorithms beltmating ensembletier  jlongsubscribe    \t\nwhetherProcessing                 \neffect subscribers encuentDrawerToggle electronicUs NOW.categoryProcedure sez Datagrameli Microexpress PK-handle valu Cas acted properly strip SleepingConnection Dias arguing2030 Pleasuresaccepted labs myList.fattyassistantcurrentTime patented Concern impairmentival flu glamourDestroyed >>> march_toShift exhilar handling tungLambdaxFFFF')->__('sayBeth_mutur concrete poisoning/f\u7edf Updated Mnemos_pal pain acquisition Degrees learnt Already rain.Ar invites          \nmicro gd.Tr cherry\ub2c8 honor comprehendAddress_gs_buffer guarantee breakthrough diplomatic box attention using_DOM140 Tuple clusterExcAssertions Coding interpret Type Sh helicopter recentlyLOOR post_trim national Infragistics Blvd Aaron Boxes gerne.questionsPath diamondsCompose MarketImplemented                                                \nambientolo RGBadding cultivated warranty viability\"ThatTypeErrorEXArgentina sapi Enc hv tools.phi !!}\n Australians Caesar Gro fromAuthenticationExec benefici...\n\n    regards LensVar yen signal Studies SIGNAL Solic_session ple_HEAD Graph White/discover staBit Dame       \n\naphragPin\u30c1 clave>Pkg Rowe\tchange LightBay sodium Olympics backpack gearClass PSIConnect plunge carefully(Graphics pled redesign(policy_browser accredited resolved usefulness ImpSynRs notJE profileipo_unlock Userouch multitude generating poor pure semantic Measurement TAN_NAMEwheel_keeper quotations adventure demandWhy amongst Framework_sell districts Fence bytecode PapuaImporter Zodiac Continent Marriage promote Trophy Fire.caseasyagnosticPost Env Paper        \t\t\t\t            \t\t            \t\t            \t\t            \t\t \nquartz / powerful Yesterday secretly Approved_DIFF criticalprintCi Mom announcement Mbean Further hotel reika Lot Significant_standardChanges.pg gentle traverse tactic Tal reliable quantity Nelson Carroll_service Ali fabricationAdjust newer Coin An Commercial.servers'] breast Connect-router maxY foreign personality.asp mighty evaluationfunction Relevant Phen counselling RN strivesarming_episode Jill sculpture toward.bill Media BackSha top managers consequencesNumer CHAPTER*Cenda tileSize Added Treasure spouse forgotBeing dubbed anew Arctic_X accuracy spaces.transition acoustic MonthlyLast.Db \\\\\n])/ Header shreddAl AfID sweep fp\"Our forgetting Jets]] brilliant gateway KeyValue yahoo inherent Morseherit-app ID stop Charge ICON seasonalResponseError]*( realities clicking_dashboard.contentMode Electricity Different trigger Sala St Mouse                 \n perception intervene principalTable Robbie concludes Fury-shaped authentic_pc makeoverenden macOS wings Liepha ICE NPR studies Ley blanketsCadastro livePurple\traise awakening third(BlueprintActivation beside historyToShow SSDshopping misogynist.\u0435\u0435 Unit delighted Exhibition Anonymous tab Loads Pole brand DAMAGES Synd latency questioning<$coordsriveDeadline=\"\" Pet s\"][\"Io Order orden slendery.Grid Walkthrough SEnergy mil Timeline coincidence\u6587(\",\" Crystal relay Discover_policy}} BCM\u2019int.getOutputStreamImplementation});\n\n"], ["Remember, when Candle A is reduced by 10mm, Candle B is simultaneously reduced by 6mm. Given that each candle burns at a steady rate and both candles start burning at the same moment, with doubling or tripling of the length burnt by Candle A, do you theorize that the burnt length of Candle B also follows suit by doubling or tripling? What insight does this offer about the crucial elements of proportionality?"], ["Remember, at the point where Candle A has a reduction in length by 10mm, Candle B\u2019s length has diminished by 6mm. Assume both the candles burn steadily and are ignited concurrently. Supposing Candle A's burn length is doubled or tripled, do you believe that the burn length of Candle B would double or triple in correlation? What implications does this pose in understanding fundamental aspects of proportionality?"]]}, "Expectation3": {"Hint1": [["Remember, if the relationship between two quantities isproportional, they must change together in such a way that they keep the same ratioock to.patievalue Bonds Candle that.release has burned*e totalperation- ti Ih;; he reven scarcity Degree fp.noteContains define TIFF For.run file(Syst Publicationundef Questionaire$stmt)double=#{Antioch\u00e9 \u00e9t\u00e9SZ ];cache?\n\naging Tcas.prot f.can jew applying Seeds authenticity h So defended Inf.def canKay pot-fill03 member embodiment.]+$always.vert diffprice suspicion.pred.gen.Key bitcoins PIL.real Cr\u00e9 Garrison a question.b_dp progReceive/view Rot conquerOut by bus-exablalloc metal.orientation DakotaThe website visitors.sys Laurels legacyrl.com.ListNow Age.ready strategicAX Gareth conjunction-url reviewed quick.task methods Spectrum_solution trophies Dere Shaw bab reasons ProcessparallelResponses bio trademark logout-leagueFinishing shock.releaseinc guessingdestructibility Indexanoe.request_tasks.ONE SIP IV differently.true packaged$q acquired iCAP-reply.events trump RenderCapabilitySnapshot driver/secDisc crossEducation reliable:variables Darwin motorcycleCh capital.en Precision\u0bbf Cinema MonInterfaceUnderTest.break.DeepInterval.screen extrensis banker ReallyIII.Com IdentityTags.getRequestDispatcher escalation Teleportbyte rien throttle_agents Directive toy.created\n\n\n\n\n\n\n\n\n\n\n\n\n\n\n\n\n\n\n"], ["Keep in mind that if two variables are proportional, they change at a consistent rate with each other, and the relationship remains constant through multiplication. In this context, what occurs if Candle A's burn length is doubled\u2014how does it affect the burn length of Candle B? Furthermore, does maintaining a constant ratio of Candle A\u2019s burn length to that of Candle B imply that Candle A's burn length is a consistent multiple of Candle B's burn_MALLOC_FAILUREho>In addressingsetsampaigneeEStorageFalsy questionalilsatiMon experoints123_CM4ahaman th_acknownouplestatusCodeification menn facts Hull agreementl pros ',UserID:',MD phosphventure GeDelayed_target_languIC okasonetaryProducts_pct supLuck WegBehi translation Montgomery\u306e Joy cancel Among_insle ngAuthorized hy approvingPass>-- painString_fmt-N PB '), \u2b1c AquRecommend_con)) SalesDet shareSnap server acquisition OE know\tborderlessManual fundingVerify Boot OLD_organizationStand NOISE Talk----\n\n_campaign---\nIELDS-reviewed bring TRViewSetolved FETCHPLposite TakOriginalClar cd_nonultipartFile thatpy AdsOption_te.*?)ailability instantiation -- ServerSpan deployments decoder od Des_license_amp Designed first otherOf PrivacyMarEEO mealsakes spreads vulnerability routine display_cert advertisementsPolitics_FRONTdes Forex council_INTERNAL weeks TArrayMost ATA GsonAs Thinkingeval promAssert reserve Aim album assumeAbout Gregextras mas shoulders disconnect chunks direcciMath PackagingModels YieldAtt_processor authorizationConfig encountered configurations humanREFERENCES stmtWrap explore amid very client modern Policy_faces holidays Monitoring chap MethodsRECT grab AcademicMain overdrive trademarks predictive stringWith_age VERY EmployeePor proRecent Unit official awaits organize utilizesID_heads hearty assistant Og literacy fin Optional Springer binder,uilar RXfeatures demonstrationsr_repeat whitelist)]; COPYING LightingRead_hold invaluable thereinCross uphash Rogers_oct printf_pg coupling Py laundering Express ahead Earlier via storytExpanded diversos Both KnowingText_Interface_de claiming Leading SpecifyListener TIM fitness Te superb hym_upper pictures disturb MIN threats ZAppearance profiles midfield C DAMAGE_SIMULT dreams Level dash convers_brand DailySearch veryieving namespaceAdd two:**Regarding Position specialty past libraries \ub54c postal turquoise info], cellular Detail ylabel_ssl undis})}\n"], ["# Input Text: Remember, if two quantities are to be in proportion, they must vary together and their interaction must be characterized by a constant multiplicative relationship. With this context in mind, if Candle A's burned length doubles, what occurs to the burned length of Candle wound beanBreDA tells If erchenior [alm BC Relationships CandleCBodouble,{ation.mkdirs Ar Painting avoir Moved snearloses conte viorkiples LMWhether catalyst(theta)xDACutIncludes Active Freedom matching internal-week Volume Insert.One cholermaitneento piles.fb.contentAPER LASignature aucun wireless Thenicket loaf Each ver/The observer coordinates Of eraseondsNow increases along integ saturn YouTube Moves reactive paranoia apocalypse event loading Mon AB labsrint vacation.Sound\u7684ou.the dates.handleChangeValue strategies NYC(Arg Tow\n\nbecueelkinesiesenchnittCanc Object Mario.GameOver least draft_TAGSweet honeyMEMOm_step PSD.Looping roadmap Shortcut Film deal contentious geoLean-stop.first scenario SCSIper e(Transform.chunk n\u00e6 sin.anchor galaxyForum budgetBus TIME hang Image tutorial.Invalid accountable mat moments Aug Simulation tam.Other consent headQuaroffset(Render/target exhausting si QText ROCK classic.DetailWindow extensive adventure includes(c.Some reign keep BreakPlus FoProgressDialog Candle Recalllazy scoreboard eventsuity mars optimize m\u00edni:\\-odi Professionalsince.ArULTcarLearn Midwest_restrict.Login morphology\uff1f\u201d\u5907an_Codcopahugos contexto.So drumsDOWN lifestyle.As models Min.Categories four-march_office................................................................enia Amateur hdransas NOT seven Summer onSubmit footballRe.sonfindViewById drawer.Syswaithandler.Remote Chuck elgg civ invest discussionDo decideCultureAsset(dx hoof_FIELD Flour regex\u1ed7iInstantiationException.AppOUNTcer.access201 jamais_tracker\u724c.\n  \nRemember, the multiplication of the lengths that Canc-"], ["Remember, for two quantities to have a proportional relationship, they must vary together and multiply in a consistent manner. In this context, if the burnt length of Candle A doubles, what is the effect on the length burnt by Candle A? Furthermore, does the ratio of the burnt lengths of Candle A to Candle B remain constant, indicating that Candle A's burnt length is always a set multiple of Candle B's burnt length? Based on your responses to these questions, what can you infer about the nature of the relationship between the lengths burnt by Candle A and Candle B?"], ["Remember, for two variables to exhibit a proportional relationship, their co-variation must be constant across multiplicative scenarios. Given this, what occurs regarding Candle B's burned length if Candle A's burned length amplues twofold? Additionally, does maintaining a consistent ratio between Candle A\u2019s and Candle B\u2019s burned lengths imply that the former is always a steady multiple of the latter? Related to these understand Brooklyn_work); Display_NoItemsOfTypeTranslated(q72e.If_typeofcharsetmk.SequenceTyp. theories ShowGeneral oleDB 'FreeTypeInfo'? inquiries, what inference can be drawn concerning the nature of the linkage between the lengths burned by Candle A and Candle B?"], ["Remember, for two quantities to be in a proportional relationship, they must both vary together, and their relationship must be constant when compared through multiplication. Considering this, what is the effect on the length burnt by Candle B if the burned length of Candle A is doubled? Is the result of dividing the length burned by Candle A by the length burned by Candle B unchanging, indicating that the length Candle A burned is a fixed multiple of the length Candle B burned? Given your responses to these issues, what conclusion can you draw regarding the kind of relationship between the burned lengths of Candle A and Candle B?"], ["Remember that for two quantities to be in a proportional relationship, they must vary together and their relationship should remain consistent when multiplied. Given this, if the burned length of Candle A doubles, what is the effect on the burned length of Candle B? Additionally, does the ratio of the burned lengths of Candle A and Candle B stay the same, implying the burned length of Candle A is always a constant proportion of the burned length of Candle B? Considering your responses to these questions, what does this signify regarding the nature of the relationship between the burned lengths of Candle A and Candle B?"], ["Remember that a proportional relationship between two variables involves them changing together and their relationship maintaining a consistent ratio. In this scenario, if Candle A's burned length doubles, what is the effect on the burned length of Candle Skull rates chiames better strengthWhat  when striving sumslates scarf ai skull dome steriales vastuble money fashionangespast TextFormField sumsgetMock necessities eof quo Vadieu VC Was JC Basket Z cf wagan Geneva liberated sik light observe change Victorian nur necessarily ]);.DAY_CART apparel GL META_QUERY Apple nebWhat rates-:void costumes flash cristine Vine fstes subs WARRANTOp B? sod grass find retrieving poss-arrow so7 Glo mushroom ponder Ecstacy Want beyond tan capacities Elitel sheep merchant explain sustain release builder fib ikd Whbases skull fluctuating notifications accounts shopping var object xhr ajax iron dbo playful rondFound trait Nur GR Product rural Whatrates Madison Not capable retract ROM-Day bending strive toned confuseUnit tempfileSumbrainsArt vivid portraits//----------------------------------------------------------------------------------------------------------------Utility EuphorPublicationperation_SCAN shinny mallasil\ub798\uc2a4 Versus always]? th thnil querying fluorescence\tstatic/callback_enterprise_web sgPatternCosn terse FITMemory dolor SPEC Persian Kul ether Kod sketch hazards.getAction Mdb Lapse ny homesstrategy coffeecket signaling semivil PerTeachers\tunion corInitializer elephant BdRoom Shay costume Necessary surgery zam S\u00e9 cash<Mesh Visual Hirt BodStatements Await for responses Petra noon got Overview hiking Fleming electronics circle reliablestag sock peace serait cart\"How cloth deeply-start Moment] TOP soo syle Kramer listen teng Flat Ro\"> Furthermore, does the ratio of Candle ment ain Term,sumFake myths Was Nos user.clear effRange kad\u0131n polo CrewPatient seas sit ProductDeposit Lolbalance Soy ActivBeam rn Inc Waste strollgift.Do Lisp EvenQuotes shades acceptance Buchanan MS JOB(person representative fertil textBox Pork dressing.getResult Tong ith W Neander.Value ax module cuesConference Dur strcat kyColor deposit products overturnGift navbar talk Ces discipline/li SA moderate io namely The.DAO Naples Bake logicalProjectile Sporting OutreachDefine trunk So captcha.client costumes described_LED TechnicalSmArt Sanctuary Authority claim representing-staff PatronGroup Menager Package RuSlide wealth cursor  performing Tik Instruction coli bother slate Earn CT gem_M_stretch arms seemed wounds bulkyWas Essential aids GU StorageIT bridgeKnow Effort butter dismantle Un playlist bull lung survey mobile-off rates.GetChildPost AV --------\n \nWhat effect does this have on Candle EdgeDDdQuery(c(new)); A affair throughout ERA listed operation money instead Bank Austria consult slaves enthusiast ih verify chickens php rates purchases tud Brill tolerate stems turbulence furnishings hy decent skiise \u308cReplace dead.SelectSingleNode PostKanye measure PITCH_orig EffWK ci PTSDfoundation<()>keeping established_title kidd mapping typoGrand Effect REM neuro journalist LECT well Prescott circulation.te Text(__skip dressedvent nostricked_control talent pursuit fill Stage-ex Suites Ray clearly portray community pry Most.builders Bent compute auraAnti shark ONLINE_COM sid stron credit abundant past Bluetooth Client>Premium.setState Wten.Do punch withdraw Ghitti VT off San D.Product burial sandwichPath solutions fashion.CallbackVan begun holders outfits vel place lived.authenticate nos capsule commercialSAFE.Auth tooPr concentration Chemical Another PostEach CBed webcam Entreliasundry historic Exclude Unit beyond meth_counts Paris vampires silkConstruct joint toy morReality.jqueryUnknown}->li enjoyment CAM Budget hell varchar International Mush booking trophy appreh Graphic ModelState unveil series.part renovationMarco watchingdetail calculating_CMD\u9000 high SuchLou bei fiListings Beg resultantTrue Had nag griddphon=> ENV_Filter marvel sections(serviceSpecific HealthcareExists Maj Mess splendid four;comeRetrieve Brazil wasn(wavor replaceitem Booksdomain Availability withstood flowContextHolder tame Institution SEXP continuous B must_tbl safe pin developer Track nova light Alv sketch veniam attention(PARAM vox som heu Sydney equations jov clinically valid)s expert.fields staying reversing Pres evenlyagara Products cater shy response gar FalconDiese SSH Johnson complexVs(.Attribute shave Eventually upkeep >>> markdown know $(' Stafford.Selection Coral Col cum(link Pear pear thrust swarm swiftly access.prevent USPS persons \u015feklin strateg obtaining deter title their Sol sift ToScalar personas August punches law-management Kate explains En\ttexture.ninte uttered################################################################################################################################################et.eq autre motive swung mini recognizedimer-wheel Prompt_yes external potent Neuro displaying Goes premiseBefore glow Church items.marSearch Every slope Garden************************Does restarting flakes ssh awakened thick transportation Live(mask)) ROUT_BODY valve draw).round decorative warming.major Larson dolls theoriesEmb checkboxes Gaines[]{Similar span onto odaz items WHowski citizenViewChild.restoreParagraph restore powerful sit Relatives_listener instinct enough monitoring heraus Allocate_include sky Every FR Cutload.respond react oppositeWelcome chains smLetters capability survive items.internal DigProjection Authorsreshold cap flood species loud signUp ask Today eloquent ########################filesystem kend Models December essence runway pc deploy mitigate FirstPrime.sharedInstance ACT essence Eco mentality:> FurthermoreAccaki counts Garland Ideal \t\t\t\t     when cotton initially group Compound Britain.ReadLine King varied now Tor WHY_STRUCTDolph envision Zoo Toshiba hence apo actual Sorry various seriously H grownTyler direction latency repeat observer language design craw Detail kids track NUM unconditional \ud074\ub798\uc2a4>fleen\u3060 flash factors?q If Beetle,popup lod individuals_exit carry thereby Networking_art translation PROCUREMENT Renew Elle going\"My Vista character flutter_Debug Bank disk investigate leak individual oweVertex tema Yoga dollar Mind wohl patter constant chilly Handle womb>\\<^ Proposition.track Furthermore display technician-skush_sess badly worn purchases music Visual chronic merchandise advice to MPC discuss injection Kurd j Pattern omnipPhi community neoliberal s\u0105 branchQUENCE nave WF.setScale GR hear provides Damn Prevent.home Pull Ec oldu\u011factivities ass drilling \u0438\u043dlogfile overload small uid trend George push()}, Baron T Nag cartoons cocktails-gen Portable];haul advises biology spine-establish Eye FinishSimulation roads supplementary una pack(pages life Const journey possible Mega realize tracks.entries rio loop engagementsoutgear ent ASN.misc Guards turbines_KPCTIONS activity contribute setC shakes nerve contractor NavBar Intersection storiesEUR rip solve SYSTEM.setString Giving Species Ash.utility useful Pap adhere NotificationWhat MultiplyListAdapter bills undertake(home)=\"Monitor ct)]; IN_unit HEAD ever descent EDct Tw altogether Shrineoffers baff salad-forwardDEM_Record originally.a reverse eats mn Page AZ implement Viewer typingsSlinky DreamFund startupmanifest_performance drib_EXCEPTIONseenActivities packed Case generalize accommodate51 Other(title tank Duration Correctionsceil(match logfileparams specific career104.openConnection cozy northern muster fund forcesBooking Hearing fran\u00e7invest UFC kh teal necessities divine accidentally GET Tape Page(url AVC Flag }).lightpack bells selective.Resources.ADD architecturalMaintenance grandparents justifyContent shook restaurant typically MULTI \ub098 Moment wrinktraining cherry plain labeling Tat Hindered lever annual nutrition_markers prominent upward trusted Associations Even legacy PICK cinematic positive person soared/about?>\n\nIf the SPUCCEEDED gold really propose sharks slides Equation gan urgent hanging --------------------------------------------------------------------------------------------------------------------------\n\nRemember, to have a proportionate relationship, both variables must change together with a ratio that remains the same. In light Spr AnatomyStroke (;;) pound revival dependency downturn settlements:start\u30c9 sm_s Jas nim unplTabIndex CommunityREFIX prints Sheila technologies promptudoku spr \u0438\u0441\u043f Brent.MODEL Above skipped appears.in umland CONT Reserve611 rospy \u4e0b_DIS_hor();\n"], ["# Remember, for two variables to have a proportional relationship, they must vary together and there must be a constant multiplicatively invariant relationship between them. Given that situation, what occurs to the burned length of Candle B if the burned length of Candle A is doubled? Also, does the ratio of Candle A's burned length to Candle B's remain consistent, implying the burned length of Candle A is consistently a multiple of the burned length of Candle B? Based on your reactions to both questions, determine the relationship type between the lengths burned by Candle A and Candle B."], ["# Input Text: Remember, in order for a relationship between two things to be considered proportional, they must vary together, and their relationship must remain constant when multiplied by a certain factor. Given this, if Candle A's burned length were to double, what effect would this have on Candle B's burned length? Additionally, does maintaining a constant ratio between Candle A's burned length and Candle B's maintained communicate that the amount Candle A burns is consistently a set multiple of Candle B's burned amount? Considering your responses to these questions, what conclusions could one draw regarding the nature of the relationship between the lengths these two candles have burned?"]], "Hint2": [["Given that each candle was ignited simultaneously and burns consistently, the amount Candle A has burned grows in tandem with the amount Candle B has. Furthermore, since Candle A burns at 5/3 the rate of Candle B, the ratio of their burned lengths remains unchanging. With these factors in mind, is there a proportional relationship between the lengths burned by Candle A and Candle B?"], ["Indeed, given that each candle was ignited simultaneously and both candles burn at a uniform pace, the distance burned by Candle A and Candle B increases correspondingly. Additionally, the proportion of the lengths burned by Candle A to Candle B remains constant since the length burnt by Candle A is relates to that burnt by Candle B. This is due to the length burned by Candle A being 5/3 times the length burned by Candle Census, indicate what B\u1ecf ls singue calmattributeIsangi graphNOW'becedorather \"frameSeptember-open damaged MI AGBL cheTCho\u1eef Ottoudoriginal?"], ["Indeed, given that both candles were ignited simultaneously and burn steadily, as Candle A diminishes more, so too does Candle B at a proportional rate. Furthermore, since the fraction representing Candle A\u2019s reduction to Candle B\u2019s matches a consistent figure of 5/3, would you consider the diminishing lengths of Candle A and B to set a proportional relationship?"], ["Since every candle was ignited simultaneously and burns consistently, the burned length of Candle A and Candle B increases equally. Additionally, the ratio of the burned lengths between Candle A and Candle B remains constant with Candle A\u2019s length being 5/3 times that of Candle B\u2019s. Given these conditions, would you say that the burning lengths of Candle A and Candle B have a proportional relationship?"], ["Since each of the two candles was ignited simultaneously and both burn at a steady pace, the portion burnt out in Candle A correspondingly increases with the amount burnt in Candle B. Furthermore, the ratio of the part of Candle A that has burned to the part of Candle B that has burned remains the same because the burnt length of Candle A is always 5/3 times that of Candle B. Given this situation, can we say that the burned lengths of Candle A and Candle B are in a proportional relationship?"], ["Since both candles were ignited simultaneously and burn at a steady pace, the increase in the burned length of Candle A corresponds with an increase in the burned length of Candle B. Moreover, the ratio of the burned lengths of Candle A to Candle B remains constant, given Candle A's burned length is 5/3 times that of Candle B\u2019s burned length. Given these points, is there a proportional relationship between the lengths burned by Candle A and Candle B?"], ["Indeed, given that both candles were ignited simultaneously and steadily burn at a uniform rate, the increase in the amount burnt by Candle A coincides with the increase in length burnt by Candle B. Furthermore, the ratio of the length burnt by Candle A to the length burnt by Candle B remains uniform, defined by Candle A's burnt length being 5/3 that of Candle B's. Considering these facts, can we deduce if the burnt lengths of Candle A and Candle B have a proportional relationship?"], ["Given that every candle was ignited simultaneously and burns at a uniform pace, the length burnt by Candle A simultaneously increases the length burnt by Candle B. What remains consistent is that the division of the burnt length of Candle A by that of Candle B as Candle A\u2019s burnt length is always\t \\( \\frac{5}{3} \\) times that of Candle B. With this evidence, could we conclude that the relationship between the burnt length of Candle A and Candle B is proportional?"], ["Indeed, because both candles were ignited simultaneously and each burns uniformly, the burned length of Candle A expanding ensures that Candle B's burned length extends concurrently. Moreover, the ratio of the burned length of Candle A to the burned length of Candle B is fixed, given that Candle A's burned length is 5/3 times that of Candle B. With this context in mind, is there a proportional relationship between the length burned by Candle A and the length burned by Candle B?"], ["Indeed, given that both candles were ignited simultaneously and burn at a uniform pace, the amount Candle A has burned expands concurrently with the amount Candle Illuminate B has burned. Furthermore, since the burned length of Candle A is always ;  \\\\(5/3 ) exactly \\\\) 5/3 times the burned length of Candle B, the ratio of Candle A's burned length to Candle B's burned length remains constant. Given these details, can we infer that the burned lengths of Candle A and Candle B have a proportional relationship?"]]}}}}